LYFYM113 ,Folding Yoga Mat,74345369030,ACCESORIOS
LYFYM214,Lotus Yoga Folding Yoga Mat,74345542174,ACCESORIOS
NTSP11,Surge Protector - 15316,74345920439,ACCESORIOS
NTXC8018,PRO CLASSIC,43619680188,ACCESORIOS
PFBB14,Balance Ball,74345736610,ACCESORIOS
PFBM11,Booty Firm,74345569843,ACCESORIOS
TMAK13,Treadmill Accessory Kit,74345376991,ACCESORIOS
WBL13,X-Ball,74345487666,ACCESORIOS
WCHAIR15,Bungee Bench,74345176447,ACCESORIOS
WDN8YK08,Danskin 8 Piece Yoga Kit,74345800823,ACCESORIOS
WGGBJR12,Beaded Jump Rope,74345827264,ACCESORIOS
WGGBOX12,Adjustable Plyometric Box,74345976412,ACCESORIOS
WGGCORE16,Ab Firm Pro,74345737891,ACCESORIOS
WGGDG12,Home Gym,74345889170,ACCESORIOS
WGGKB1009,10 lb Kettle Bell,74345910096,ACCESORIOS
WGGKB1509,15lb Kettle Bell,74345915091,ACCESORIOS
WGGKB2012,20lb Kettle Bell,74345343146,ACCESORIOS
WGGMB1014,10 lb. Medicine Ball,74345482074,ACCESORIOS
WGGMB612,6 lb Medicine Ball,74345694064,ACCESORIOS
WGGNRP12,Nylon Jump Rope,74345939202,ACCESORIOS
WGGPUBY09,Contoured Push-Up Stands,74345950092,ACCESORIOS
WGGPUBY12,Contoured Push-Up Stands,74345849228,ACCESORIOS
WGGRL09,Golds Gym Foam Roll,74345951099,ACCESORIOS
WGGRLNT17,Gold's Gym ROLL N TONE,74345485259,ACCESORIOS
WGGRP12,Training Rope,74345798243,ACCESORIOS
WGGSAW12509,Space Saver 25 Single,74345940093,ACCESORIOS
WGGSAW3015,SpeedLock 30 Adjustable Dumbbell,74345676107,ACCESORIOS
WGGSB5507,55 cm Stay Ball,74345734739,ACCESORIOS
WGGSB5514,55 cm Performance StayBall,74345398221,ACCESORIOS
WGGSB6506,65 cm Stay Ball,74345731189,ACCESORIOS
WGGSB7514,75 cm Performance Stayball,74345275072,ACCESORIOS
WGGSBL2014,20 lb. Slam Ball,74345782518,ACCESORIOS
WGGTBTS16,Total Body Suspension Trainer,74345117976,ACCESORIOS
WGGWG312,3 lb Pair Weighted Gloves,74345740945,ACCESORIOS
WMC12,Mini Cycle,74345353831,ACCESORIOS
WSMS12,Rock 'N Step,74345927995,ACCESORIOS
WSTP12,Step Platform,74345763043,ACCESORIOS
WSUS13,Suspended Trainer,74345667334,ACCESORIOS
14922,WEIDER PRO 6900,43619149005,BANCOS
14933,WEIDER PRO  ,43619607918,BANCOS
14934,WEIDER PRO  ,43619280555,BANCOS
15962,BANCO WEIDER PRO 6900,43619610376,BANCOS
15963,BANCO DE PESAS,43619322217,BANCOS
15965,Weider Pro 395 B Olympic Bench,43619608397,BANCOS
15968,Weider Pro 7500 Power Rack,74345367470,BANCOS
15969,Weider Pro 365 Utility Bench,74345315884,BANCOS
15999,WEIDER PRO 256,43619159998,BANCOS
GGBE1486,GOLD'S GYM XRS 20,43619214864,BANCOS
GGBE4869,GOLD'S GYM XRS 20,43619048698,BANCOS
GGBE60610,Gold's Gym XR 6.1,43619132052,BANCOS
GGBE99517,Gold's Gym XR 8.1 Combo Bench,43619995411,BANCOS
GGBE99610,Gold's Gym XR 10.1,43619523126,BANCOS
HRBE19012,Health Glider,43619144826,BANCOS
PFBE12918,AB TRAX,43619147216,BANCOS
PFBE19618,Pilates Chair,43619328431,BANCOS
WEBE0332,Weider Basics,43619203325,BANCOS
WEBE15911,WEIDER ULTIMATE BODY WORKS,43619634853,BANCOS
21905,PROFORM 405 SPX,43619385533,BICICLETAS FIJAS
EPEX13912,EPIC A17U,43619556445,BICICLETAS FIJAS
HREX11912,HealthRider H10x,43619213232,BICICLETAS FIJAS
NTEX03015,NORDICTRACK GX 3.5 SPORT,43619539165,BICICLETAS FIJAS
NTEX03917,NordicTrack GX 3.9 Sport,43619839579,BICICLETAS FIJAS
NTEX71015,NordicTrack Grand Tour,43619828771,BICICLETAS FIJAS
NTEX78214,NordicTrack Commercial VR23,43619486889,BICICLETAS FIJAS
PFEX01215,ProForm Le Tour De France,43619507676,BICICLETAS FIJAS
PFEX02817,PROFORM 400 SPX,43619918847,BICICLETAS FIJAS
PFEX02914,ProForm 350 SPX,43619369373,BICICLETAS FIJAS
PFEX02914,ProForm 350 SPX,43619369373,BICICLETAS FIJAS
PFEX13813,ProForm 4.0 RT,43619397604,BICICLETAS FIJAS
PFEX16718,ProForm SMART Power 10.0,43619631890,BICICLETAS FIJAS
PFEX52915,ProForm 225 CSX,43619314694,BICICLETAS FIJAS
PFEX53915,ProForm 325 CSX,43619639148,BICICLETAS FIJAS
PFEX78914,"Proform, bicicleta fija, plegable",43619821802,BICICLETAS FIJAS
PFEX78916,PROFORM DESK BIKE,43619787672,BICICLETAS FIJAS
PFEX78918,ProForm X-Bike,43619212051,BICICLETAS FIJAS
SFEX04012,FreeMotion 250u,43619263152,BICICLETAS FIJAS
SFEX13810,FREEMOTION 310 R,43619138108,BICICLETAS FIJAS
SFEX58012,FreeMotion c5.3,43619626643,BICICLETAS FIJAS
WLEX81915,Weslo Pursuit CT 3.3,43619759945,BICICLETAS FIJAS
WLEX82014,Weslo Pursuit CST 4.4,43619920420,BICICLETAS FIJAS
WLEX89912,Weslo Pursuit R 1.2,43619777789,BICICLETAS FIJAS
EPEX14912,EPIC A17U,43619384291,BICICLETAS FIJAS
24932,NordicTrack Elite 3700,43619638196,CAMINADORAS
24951,NordicTrack Desk Treadmill,43619535860,CAMINADORAS
24978,NordicTrack C 900 i,43619547436,CAMINADORAS
25018,NordicTrack C 800,43619696752,CAMINADORAS
GGTL39613,Gold's Gym Trainer 420,43619483567,CAMINADORAS
GGTL39615,Gold's Gym Trainer 430i,43619638646,CAMINADORAS
GGTL39617,Gold's Gym Trainer 430i,43619736410,CAMINADORAS
GGTL40615,Gold's Gym Trainer 520,43619320596,CAMINADORAS
GGTL59613,Gold's Gym Trainer 720,43619838923,CAMINADORAS
HRTL59215,HealthRider SOFTSTRIDER treadmill,43619164633,CAMINADORAS
IMTL29212,Image 10.0 DLX,43619526929,CAMINADORAS
NTL12113,NordicTrack C 1600 Pro,43619891942,CAMINADORAS
NTL14113C,NordicTrack Commercial 1750,43619770216,CAMINADORAS
NTL14116,NordicTrack COMMERCIAL 1750,43619683271,CAMINADORAS
NTL14215,NordicTrack X7i Interactive Incline Trainer,43619184532,CAMINADORAS
NTL16915,NordicTrack C 700,43619545777,CAMINADORAS
NTL20112,NordicTrack Commercial 2250,43619272604,CAMINADORAS
NTL29016,Commercial X22i,43619977363,CAMINADORAS
NTL50615,NordicTrack T 6.5 S,43619692105,CAMINADORAS
PFTL10113,ProForm ZT10,43619559569,CAMINADORAS
PFTL10916,ProForm 905 CST,43619337525,CAMINADORAS
PFTL11016,ProForm Trainer 10.0,43619434279,CAMINADORAS
PFTL11716,ProForm Power 1295i,43619815566,CAMINADORAS
PFTL13017,ProForm Performance 1800i,43619359824,CAMINADORAS
PFTL13115,ProForm Premier 1300,43619292244,CAMINADORAS
PFTL17116,ProForm Pro 9000,43619721096,CAMINADORAS
PFTL39511,ProForm 6.0 RT,43619430769,CAMINADORAS
PFTL39513BXA,ProForm Performance 300,43619106183,CAMINADORAS
PFTL39715,ProForm Performance 300i,43619616965,CAMINADORAS
PFTL40014,ProForm Boston Marathon GS 4.0,43619776317,CAMINADORAS
PFTL49614,ProForm Performance Sport,43619799149,CAMINADORAS
PFTL49616,ProForm 525 CT,43619894646,CAMINADORAS
PFTL50717,ProForm Fit 425,43619647716,CAMINADORAS
PFTL50915,PROFORM SPORT 6.0,43619424768,CAMINADORAS
PFTL59010,PROFORM 415 LT,43619889994,CAMINADORAS
PFTL59010,PROFORM 415 LT,43619889994,CAMINADORAS
PFTL59013,ProForm ZT6,43619862102,CAMINADORAS
PFTL59014,ProForm ZT6,43619876826,CAMINADORAS
PFTL59115,ProForm SPORT 5.0,43619113938,CAMINADORAS
PFTL59117,ProForm PREMIER 500,43619583243,CAMINADORAS
PFTL59515,ProForm Performance 400i,43619592467,CAMINADORAS
PFTL59614,ProForm 520 ZN,43619865844,CAMINADORAS
PFTL59615,ProForm 520 ZNi,43619780345,CAMINADORAS
PFTL60614,Sport 500 s,43619534184,CAMINADORAS
PFTL60916,ProForm 505 CST,43619481433,CAMINADORAS
PFTL60918,PROFORM TRAINER 6.5,43619614343,CAMINADORAS
PFTL69618,ProForm 965 CT,43619607000,CAMINADORAS
PFTL70014,PROFORM PERFORMANCE 500,43619646788,CAMINADORAS
PFTL70015,ProForm 650 LT,43619111200,CAMINADORAS
PFTL71013,ProForm Cardio Strong,43619782745,CAMINADORAS
PFTL79014,ProForm Sport 7.0,43619823707,CAMINADORAS
PFTL79117,ProForm Premier 700,43619184990,CAMINADORAS
PFTL79515,ProForm Performance 600i,43619854268,CAMINADORAS
PFTL80016,ProForm Performance 900i,43619628838,CAMINADORAS
PFTL80916,ProForm 705 CST,43619890440,CAMINADORAS
PFTL89015,ProForm Trainer 8.0,43619755435,CAMINADORAS
PFTL89017,ProForm Trainer 8.0,43619633474,CAMINADORAS
PFTL89515,PROFORM PERFORMANCE 800i,43619204063,CAMINADORAS
PFTL98015,PROFORM 12.0TT,43619257397,CAMINADORAS
PFTL98115,ProForm Premier 900,43619950465,CAMINADORAS
PFTL99015,PROFORM PRO 1000,43619359589,CAMINADORAS
PFTL99715,ProForm Power 995i,43619531978,CAMINADORAS
PFTL99918,ProForm Power 995i,43619694239,CAMINADORAS
SFTL15513,FreeMotion 860,43619936964,CAMINADORAS
SFTL15619,INCLINE TRAINER,43619056198,CAMINADORAS
SFTL19513,FreeMotion 890,43619580471,CAMINADORAS
SFTL19514,FREEMOTION 1500 GS,43619153118,CAMINADORAS
SFTL57915,FreeMotion 530 Interactive,43619147995,CAMINADORAS
SFTL99514,FreeMotion 800,43619438208,CAMINADORAS
TLTL59113,Tony Little Treadmill,43619486186,CAMINADORAS
TLTL59114,Tony Little Treadmill,43619320817,CAMINADORAS
WLTL19616,Weslo Cadence G 3.9,43619588897,CAMINADORAS
WLTL29606,WESLO CADENCE G-40,43619296662,CAMINADORAS
WLTL29609,WESLO CADENCE G 5.9 TREADMILL,43619296105,CAMINADORAS
WLTL29617,Weslo Cadence G 5.9i,43619841862,CAMINADORAS
WLTL29816,Weslo Cadence R 5.2,43619487428,CAMINADORAS
WLTL31312,Weslo CrossWalk 5.2t,43619684544,CAMINADORAS
WLTL99315,Weslo CardioStride 3.0,43619404401,CAMINADORAS
23905,NordicTrack E 7.0 Z,43619409475,ELIPTICAS
23937,ProForm 485 E,43619698015,ELIPTICAS
23940,NordicTrack Elite 12.9,43619669534,ELIPTICAS
23943,PROFORM 390 E,43619239430,ELIPTICAS
24055,NordicTrack Elite 13.1,43619849332,ELIPTICAS
GGEL62816,Gold's Gym Stride Trainer 380,43619151138,ELIPTICAS
GGEL62915,Gold's Gym Stride Trainer 350i,43619585193,ELIPTICAS
GGEL65916,GOLD's GYM Stride Trainer 550i,43619385069,ELIPTICAS
NTEL05917,NordicTrack E 7.5 Z,43619873306,ELIPTICAS
NTEL71313,NordicTrack FreeStride Trainer FS7i,43619815191,ELIPTICAS
NTEL71318,NordicTrack FreeStride Trainer FS7i,43619110234,ELIPTICAS
NTEL71613,NTEL71613,43619863611,ELIPTICAS
NTEL71617,Nordic Track Freestride Trainer FS9i,43619468304,ELIPTICAS
NTEL71618,Nordic Track Freestride Trainer FS9i,43619270570,ELIPTICAS
PFEL01415,ProForm CARDIOHIIT TRAINER PRO,43619489781,ELIPTICAS
PFEL01715,Proform eliptica FY16 7.0,43619280944,ELIPTICAS
PFEL01717,"Proform eliptica 7,0",43619411577,ELIPTICAS
PFEL02915,Proform eliptica ,43619995671,ELIPTICAS
PFEL02916,PROFORM 150i,43619843088,ELIPTICAS
PFEL03712,ProForm 7.0 RE,43619982916,ELIPTICAS
PFEL03717,ProForm Hybrid Trainer,43619568035,ELIPTICAS
PFEL03815,ProForm Hybrid Trainer,43619887136,ELIPTICAS
PFEL03915,ProForm 650 LE,43619378894,ELIPTICAS
PFEL04211,ProForm Comfort Stride,43619506372,ELIPTICAS
PFEL04817,ProForm Comfort Stride,43619450897,ELIPTICAS
PFEL04915,ProForm 450 LE,43619580273,ELIPTICAS
PFEL04916,ProForm Smart Strider 495 CSE,43619931341,ELIPTICAS
PFEL05813,ProForm ZE 6,43619207972,ELIPTICAS
PFEL05815,ProForm Hybrid Trainer Pro,43619658019,ELIPTICAS
PFEL06916,ProForm Smart Strider 695 CSE,43619777444,ELIPTICAS
PFEL07716,ProForm Smart Strider 6.5,43619589818,ELIPTICAS
PFEL09716,ProForm Smart Strider 8.0,43619752328,ELIPTICAS
PFEL09915,ProForm CARDIOHIIT TRAINER,43619538373,ELIPTICAS
PFEL10112,ProForm 1110 E Elliptical,43619683653,ELIPTICAS
PFEL18014,ProForm Smart Strider 735,43619585933,ELIPTICAS
PFEL19914,ProForm Smart Strider 935,43619652727,ELIPTICAS
PFEL55916,ProForm Endurance 520 E,43619856293,ELIPTICAS
PFEL57916,ProForm Endurance 720 E,43619812381,ELIPTICAS
PFEL59915,PROFORM 16.0 MME,43619534252,ELIPTICAS
PFEL64915,ProForm 620 E,43619887600,ELIPTICAS
PFEL64918,PROFORM 945 CE,43619826791,ELIPTICAS
RBEL09913,910,43619859973,ELIPTICAS
SFEL51213,FreeMotion 845,43619521641,ELIPTICAS
SFEL58014,FreeMotion 445,43619553390,ELIPTICAS
WLEL31216,WESLO STEPFIT CLIMBER,43619835243,ELIPTICAS
WLEL32115,Weslo Momentum G 3.2,43619524277,ELIPTICAS
FMSY9012,FreeMotion 1020 SY Dual Station,43619133981,GIMNASIOS
GGSY24613,Gold's Gym XRS 50,43619714616,GIMNASIOS
GGSY29013,Gold's Gym System,43619456820,GIMNASIOS
NTSY19916,NORDICTRACK FUSION CST,43619534900,GIMNASIOS
PFSY39116,Body Blitz,43619692822,GIMNASIOS
WESY1938,Weider 2980 X,43619119381,GIMNASIOS
WESY20318,Weider Flex CTS,43619890648,GIMNASIOS
PFRW38116,ProForm 550R Rower,43619463477,REMADORAS
PFRW3814,ProForm 550R Rower,43619827866,REMADORAS
PFRW3914,ProForm 440R,43619726503,REMADORAS