"729","f. tijuana - 161","Tijuana",,,"2"
"742","tlanepantla - 186",,,,"2"
"755","tampico arena - 175",,,,"2"
"763","tepic forum - 235",,,,"1"
"2","palacio de los perfumes - 53","palacio de los perfumes - 53","palacio de los perfumes - 53","(646) 178-2270","1"
"3","centro - 50","centro - 50","centro - 50","conm 01 (664) 688-0888","1"
"4","rio - 51 ","rio - 51 ","rio - 51 ","conm. (664) 684-0424  ","1"
"5","otay - 56","otay - 56","otay - 56","conm. (664) 623-2020  ","1"
"6","cachanilla- 57","cachanilla- 57","cachanilla- 57","conm. (686) 553-5304 y/o 551-84-84","1"
"7","carroussel - 59","carroussel - 59","carroussel - 59","conm. (664) 626-1801  ","1"
"8","ensenada - 52","ensenada - 52","ensenada - 52","conm. (646) 178-3483  ","1"
"9","la paz - 55","la paz - 55","la paz - 55","conm. (612) 125-9373  ","1"
"10","forjadores - 181","forjadores - 181","forjadores - 181","conm. (612) 121-3843  ","1"
"11","tuxtla gutierrez - 229","tuxtla gutierrez - 229","tuxtla gutierrez - 229","conm. 01 (961) 617 02 09 fax 01 961 671 63 67","1"
"12","chihuahua plaza -223","chihuahua plaza -223","chihuahua plaza -223","conm 01 614 432 08 00","1"
"13","cd. juarez - 227","cd. juarez - 227","cd. juarez - 227","gre 01 (656) 6 48 21 15 
conm. (656) 6 88 08 56 fax (656) 6 48 21 55 
","1"
"14","chihuahua - 261","chihuahua - 261","chihuahua - 261","gre (614) 4 32 09 00  fax (614) 4 32 09 01 ","1"
"15","torreon -222","torreon -222","torreon -222","conm 01 871 750 79 73  871 749 03 05 fax 871 750 79 75","1"
"17","zentralia - 244","zentralia - 244","zentralia - 244","3123162530","1"
"18","insurgentes - 101","insurgentes - 101","insurgentes - 101","gre 52 30 39 40 conm 52 30 39 00 fax 55 74 17 80","1"
"19","polanco - 102","polanco - 102","polanco - 102","gre 55 57 35 91 conm 53 87 99 83 fax 53 95 49 27","1"
"20","universidad - 103","universidad - 103","universidad - 103","gre 54 22 80 01 conm 54 22 80 00 fax 56 04 69 24","1"
"21","perisur -105","perisur -105","perisur -105","gre 54 24 31 32 conm 54 47 14 07 fax 56 06 80 78","1"
"22","lindavista - 106","lindavista - 106","lindavista - 106","gre 57 26 31 78 conm 57 47 45 00 fax 51 19 47 92","1"
"23","villacoapa - 107","villacoapa - 107","villacoapa - 107","gre 56 77 97 63 conm 52 28 99 03 fax 56 77 95 33","1"
"24","centro historico -112","centro historico -112","centro historico -112","gre 55 21 51 00 conm 51 30 72 12 fax 55 21 36 48","1"
"25","wtc - 114","wtc - 114","wtc - 114","5340-6700","1"
"26","tezontle - 118","tezontle - 118","tezontle - 118","gre 91 29 01 44  conm 56 40 01 63 fax 91 29 01 40 ","1"
"27","plaza central - 120","plaza central - 120","plaza central - 120","conm 56402070","1"
"28","cd. vallejo - 706","cd. vallejo - 706","cd. vallejo - 706","conm 52 27 80 00 ext. 8150  8191 fax 52 27 80 21","1"
"29","bodega vallejo - 810","bodega vallejo - 810","bodega vallejo - 810","50-78-66-90 ext. 1013","1"
"30","forum buenavista - 122","forum buenavista - 122","forum buenavista - 122","conm. 1946-0880","1"
"31","santa fe - 110","santa fe - 110","santa fe - 110","91 77 17 00
","1"
"32","gomez palacio - 210","gomez palacio - 210","gomez palacio - 210","conm 01 (871) 748 04 04    fax 871 71 57 391","1"
"33","durango - 306","durango - 306","durango - 306","conm 01 618 827 2650","1"
"34","paseo durango -243","paseo durango -243","paseo durango -243","conm 01618 829 91 50","1"
"35","satelite - 104","satelite - 104","satelite - 104","gre 55 72 56 34 conm 53 74 99 10 fax 55 72 27 80","1"
"37","coacalco - 116","coacalco - 116","coacalco - 116","conm 58 98 99 94 fax 58 65 83 49","1"
"38","nezahualcotl -119","nezahualcotl -119","nezahualcotl -119","gre (55)1558 4001 ext 1100 conm (55)26197101 ext 1006 o 2106","1"
"39","cuautitlan -121","cuautitlan -121","cuautitlan -121","conm  5864-3890  ","1"
"40","paseo de interlomas - 123","paseo de interlomas - 123","paseo de interlomas - 123","conm  59 50 04 60

","1"
"41","celaya - 218","celaya - 218","celaya - 218","conm 01 461 598 59 20  615 33 33 fax 461 61 55 261  615 52 61","1"
"42","irapuato - 304","irapuato - 304","irapuato - 304","conm 01 462 623 9075 ","1"
"43","dorians leon - 163","dorians leon - 163","dorians leon - 163","tel: 01 (477) 7100 - 400  fax: 01 (477) 7100 - 440","1"
"44","plaza leon - 211","plaza leon - 211","plaza leon - 211","gre 01 477 773 08 34 conm 01 477 7100400 fax 717 59 68","1"
"45","acapulco - 207","acapulco - 207","acapulco - 207"," (744) 434-1909","1"
"46","pachuca plaza q  - 233","pachuca plaza q  - 233","pachuca plaza q  - 233","conm: 01 771 71 70 262","1"
"47","pachuca outlet - 213","pachuca outlet - 213","pachuca outlet - 213","(771) 717-0265","1"
"48","guadalajara centro - 202","guadalajara centro - 202","guadalajara centro - 202","gre 01 33 36 14 69 33 conm 33 36 69 02 00 fax 33 36 13 41 69","1"
"49","guadalajara hemisferia - 226","guadalajara hemisferia - 226","guadalajara hemisferia - 226","gre 01 333 368 05 77 comn 01 333 777 02 70 fax 333 682 05 69","1"
"50","guadalajara plaza - 109","guadalajara plaza - 109","guadalajara plaza - 109","gre 01 33 31 22 91 69 conm 36 69 02 10 fax 33 31 22 91","1"
"51","morelia las americas - 236","morelia las americas - 236","morelia las americas - 236","conm: (443) 3 22 69 49  ","1"
"52","morelia  paseo altozano - 237","morelia  paseo altozano - 237","morelia  paseo altozano - 237","(443) 113-8600","1"
"53","cuernavaca - 208 ","cuernavaca - 208 ","cuernavaca - 208 ","conm 01 777 362 02 08 fax 318 60 14","1"
"54","san agustin - 108","san agustin - 108","san agustin - 108","gre 01 81 83 63 76 08 conm  83 68 19 09 fax 83 63 74 80","1"
"55","anahuac - 113","anahuac - 113","anahuac - 113"," (81) 8318-0405","1"
"57","dorian´s monterrey - 162","dorian´s monterrey - 162","dorian´s monterrey - 162","gre. (81) 83 68 44 44 fax (81) 83 68 44 40 ","1"
"58","monterrey centro - 201","monterrey centro - 201","monterrey centro - 201"," (81) 8318-0100","1"
"59","monterrey citadel - 232","monterrey citadel - 232","monterrey citadel - 232","conm. (81) 81 31 91 00   fax: (81) 24 56 00 58 ","1"
"60","oaxaca - 214","oaxaca - 214","oaxaca - 214","gre 01 951 516 08 53 conm 516 11 11 fax 516 00 00 ","1"
"61","angelopolis - 111","angelopolis - 111","angelopolis - 111","gre 01 22 22 25 01  56 conm 2 25 91 05 fax 2 25 01 69","1"
"62","puebla - 203","puebla - 203","puebla - 203","conm 01 22 22 42 46 60 al 65 fax 242 44 30","1"
"63","queretaro - 224","queretaro - 224","queretaro - 224","conm 01  442 242 41 85  442 211 00 09 fax 442 242 41 84","1"
"730","los cabos - 172",,,,"2"
"743","ff. chimalhuacan - 188",,,,"2"
"65","cancun - 220","cancun - 220","cancun - 220","conm 01 998 881 02 10 fax 887 48 87","1"
"66","dorian´s cancun - 262","dorian´s cancun - 262","dorian´s cancun - 262","conm: (998) 848 71 90  fax ( 998) 8 87 61 77","1"
"67","tangamanga - 206","tangamanga - 206","tangamanga - 206","gre 01 444 81 72 155 conm 444 10 27 600 fax 444 81 70 990","1"
"69","san luis potosi - 241","san luis potosi - 241","san luis potosi - 241","01 444 123 1243","1"
"70","culiacan - 212","culiacan - 212","culiacan - 212","gre 01 667  759 02 20 conm 667 712 73 02","1"
"71","culiacan forum - 225","culiacan forum - 225","culiacan forum - 225","gre 01 667 752 22 14 conm 667 759 02 21  fax 752 22 15  ","1"
"72","hermosillo - 209","hermosillo - 209","hermosillo - 209","(662) 108-2365","1"
"73","hermosillo galerias - 216","hermosillo galerias - 216","hermosillo galerias - 216","01 662 236 34 00","1"
"74"," villahermosa - 240"," villahermosa - 240"," villahermosa - 240","01 993 310 95 00","1"
"75","tampico - 205","tampico - 205","tampico - 205","gre 01 833 21 21 272 conm  357 00 00  8332129884 serv mari beta fax 212 37 45","1"
"76","metepec","metepec","metepec","gre  01 722 232 51 03 conm 722 275 70 01  fax 232 51 04","1"
"77","veracruz plaza - 219","veracruz plaza - 219","veracruz plaza - 219","conm 01 229 923 02 13 fax 922 54 84","1"
"78","coatzacoalcos - 228","coatzacoalcos - 228","coatzacoalcos - 228","conm 01 921 211 01 03 fax 01 921 210 9121","1"
"79","xalapa las americas -230","xalapa las americas -230","xalapa las americas -230","conm 01 228 841 62 77 fax 01 228 813 99 84","1"
"80","veracruz centro -302","veracruz centro -302","veracruz centro -302","conm 01 229 9 32 69 27  9 32 40 76 fax 9 32 87 77","1"
"81","xalapa centro - 313","xalapa centro - 313","xalapa centro - 313","gre: 01 228 817 55 41 conm 01 228 817 55 40 fax 228 818 06 75","1"
"82","cordoba - 317","cordoba - 317","cordoba - 317","gre 01 271 712 42 03 conm 712 62 73  712 26 36 fax 712 48 34","1"
"83","minatitlan - 318","minatitlan - 318","minatitlan - 318"," (922) 2250-205","1"
"84","merida las americas - 263","merida las americas - 263","merida las americas - 263","tel conm: (999) 9 30 02 50  fax ( 999) 9 30 02 51","1"
"85","playa del carmen - 242","playa del carmen - 242","playa del carmen - 242","01 984 877 25 60","1"
"86","merida la plaza - 215","merida la plaza - 215","merida la plaza - 215","conm 01 99 99 30 01 66  944 71 27 fax 944 71 30","1"
"87","merida centro  - 311","merida centro  - 311","merida centro  - 311"," conm 924 91 11  930 01 33  fax 923 07 64","1"
"88","merida altabrisa -234","merida altabrisa -234","merida altabrisa -234","tel. conm: (999) 9 30 01 50  fax: (999)  1 67 96 44","1"
"89","aguascalientes - 86","aguascalientes - 86","aguascalientes - 86","01 449 139 34 00/ fax 449 139 34 71","2"
"90","f. f aguascalientes - 58","f. f aguascalientes - 58","f. f aguascalientes - 58","01 44 99 10 49 00/44 99 10 49 70","2"
"91","mexicali - 312","mexicali - 312","mexicali - 312","tel:(612) 17 510 00 
fax:(612) 17 510 70 ","2"
"92","la paz - 308","la paz - 308","la paz - 308","01 612 17 510 00","2"
"93","cd.  del carmen - 304","cd.  del carmen - 304","cd.  del carmen - 304","tel:(938) 38 10 100 
fax:(656) 38 10 170","2"
"94","campeche -102","campeche -102","campeche -102","tel: (981) 81 81 300 
","2"
"95","tuxtla gutierrez - 14","tuxtla gutierrez - 14","tuxtla gutierrez - 14","01 96 16 17 35 00/ fax 96 16 17 35 70","2"
"96","f. f tapachula - 19","f. f tapachula - 19","f. f tapachula - 19","01 96 26 28 95 00/96 26 26 05 74/a fax 96 26 28 95 70","2"
"97","chihuahua - 42","chihuahua - 42","chihuahua - 42","01 614 432 01 00/ fax 614 431 01 70","2"
"98","f. f. chihuahua - 34","f. f. chihuahua - 34","f. f. chihuahua - 34","01 61 44 42 25 00/61 44 42 25 70","2"
"99","cd. juarez - 110","cd. juarez - 110","cd. juarez - 110","01 656 227 24 00/fax 01 656 227 24 89","2"
"100","f. f. cd juarez.- 35","f. f. cd juarez.- 35","f. f. cd juarez.- 35","01 65 66 88 12 00/65 66 88 12 70","2"
"101","saltillo - 65","saltillo - 65","saltillo - 65","01 844 438 45 00","2"
"102","torreon - 43","torreon - 43","torreon - 43","01 871 749 12 00/ 871 749 12 70","2"
"103","colima - 84","colima - 84","colima - 84","01 312 316 23 00/fax 01 312 316 23 70","2"
"104","centro - 1","centro - 1","centro - 1","51 33 28 00/ fax 51 33 28 42","2"
"106","polanco - 3","polanco - 3","polanco - 3","53 28 64 00/fax  53 28 64 74","2"
"107","perisur - 5","perisur - 5","perisur - 5","54 47 12 00/ fax 54 47 12 60","2"
"108","coapa - 6","coapa - 6","coapa - 6","56 27 96 00/ fax 56 27 96 77","2"
"109","santa fe - 7","santa fe - 7","santa fe - 7","52 57 90 00/ fax 52 57 01 12","2"
"110","parque delta - 81","parque delta - 81","parque delta - 81","56 36 11 00/ fax 56 36 11 70","2"
"111","lindavista - 83","lindavista - 83","lindavista - 83","57 47 10 00/fax 57 47 10 79","2"
"112","tezontle - 87","tezontle - 87","tezontle - 87","56 40 14 00","2"
"113","durango - 89","durango - 89","durango - 89","01 618 827 29 00/ fax 01 618 827 29 70","2"
"114","atizapan - 104","atizapan - 104","atizapan - 104","50 77 13 00","2"
"115","satelite - 4","satelite - 4","satelite - 4","57 29 31 00/ fax 57 29 31 72","2"
"116","ecatepec - 80","ecatepec - 80","ecatepec - 80","58 36 11 00  /fax 58 36 11 70","2"
"117","perinorte - 29","perinorte - 29","perinorte - 29","58 64 95 00","2"
"118","interlomas - 103","interlomas - 103","interlomas - 103","30 88 23 00","2"
"120","celaya - 105","celaya - 105","celaya - 105","01 461 15 98 300  /fax 01 461 15 98 370","2"
"121","san miguel de allende - 302","san miguel de allende - 302","san miguel de allende - 302","01 415 150 30 00/fax 01 415 150 30 22","2"
"122","irapuato - 47","irapuato - 47","irapuato - 47","01 462 606 85 00/ fax 462 606 85 70","2"
"123","leon - 71","leon - 71","leon - 71","01 477 710 21 00/ 477 710 21 30","2"
"124","leon sur - 166","leon sur - 166","leon sur - 166","(477) 101 73 00  fax:(477) 101 73 70","2"
"125","f.f.  leon - 56","f.f.  leon - 56","f.f.  leon - 56","01 47 79 10 30 00/47 79 10 30 70","2"
"126","f. f. acapulco - 27","f. f. acapulco - 27","f. f. acapulco - 27","01 74 44 69 30 00/74 44 69 30 70","2"
"127","chilpancingo - 303","chilpancingo - 303","chilpancingo - 303","17474942800","2"
"495","tepic - 3895","tepic - 3895","tepic - 3895","01-311-210-0236/38  ","3"
"128","acapulco - 306","acapulco - 306","acapulco - 306","01 744 4 35 29 00","2"
"731","tuxtla oriente - 191",,,,"2"
"744","f. tecamac -195",,,,"2"
"756","toluca - 140",,,,"2"
"764","esfera - 252",,,,"1"
"769","zentralia - 4550",,,,"8"
"130","guadalajara - 78","guadalajara - 78","guadalajara - 78","01 33 37 77 33 00","2"
"131","oblatos - 135","oblatos - 135","oblatos - 135","tel: (33) 38 83 7100 fax:(33) 38 83 7170","2"
"132","tlaquepaque - 70","tlaquepaque - 70","tlaquepaque - 70","01 33 38 37  74 00","2"
"133","zapopan - 64","zapopan - 64","zapopan - 64","01 33 36 48 17 00/fax 01 33 36 48 17 88","2"
"135","f. f. plaza patria - 53","f. f. plaza patria - 53","f. f. plaza patria - 53","01 33 36 78 67 00/33 36 78 67 70","2"
"136","f. f. plaza del sol - 52","f. f. plaza del sol - 52","f. f. plaza del sol - 52","013336790800/ fax 013336190834","2"
"137","f. f. centro - 51","f. f. centro - 51","f. f. centro - 51","01 33 36 78 57 00/33 36 78 57 70","2"
"138","f. f. gran plaza - 25","f. f. gran plaza - 25","f. f. gran plaza - 25","01 33 38 18 49 00/fax 01 33 38 18 49 70","2"
"139","morelia - 57","morelia - 57","morelia - 57","01 44 31 13 26 00/fax 01 44 31 13 26 70","2"
"140","morelia paseo altozano  - 61","morelia paseo altozano  - 61","morelia paseo altozano  - 61","01 443 113 81 00/fax 01 443 113 81 70","2"
"141","cuernavaca - 77","cuernavaca - 77","cuernavaca - 77","01 777 1 00 74 00/fax 777 100 74 70","2"
"142","tepic -80","tepic -80","tepic -80","tel: (311) 129 65 00. fax: (311) 215 40 70.","2"
"143","f.f. tepic - 54","f.f. tepic - 54","f.f. tepic - 54","01 31 12 15 40 00/31 12 15 40 70","2"
"144","monterrey centro - 22","monterrey centro - 22","monterrey centro - 22","01 818 318 49 00/ fax 818 318 49 09","2"
"145","monterrey galerias - 31","monterrey galerias - 31","monterrey galerias - 31","01 818 389 55 28/818 348 35 55","2"
"146","monterrey cumbres - 113","monterrey cumbres - 113","monterrey cumbres - 113","01-8181-21-13-00/fax 01 81 81 13 70 ","2"
"147","monterrey valle - 45","monterrey valle - 45","monterrey valle - 45","01 818 133 43 00/ 818 133 43 70","2"
"148","f. f. oaxaca - 37 ","f. f. oaxaca - 37 ","f. f. oaxaca - 37 ","01 95 15 01 70 00/95 15 70 70","2"
"149","istmo salinas de la cruz - 310","istmo salinas de la cruz - 310","istmo salinas de la cruz - 310","01 971 71 49 100","2"
"150","puebla - 72","puebla - 72","puebla - 72","01 222 229 75 00/fax 01 222 229 75 70","2"
"151","tehuacan - 300","tehuacan - 300","tehuacan - 300","01 238 384 24 00/fax 01 238 24 22","2"
"152","f. f. puebla - 15","f. f. puebla - 15","f. f. puebla - 15","01222 229 76 00/01 222 229 76 70","2"
"153","queretaro - 44","queretaro - 44","queretaro - 44","01 442 196 18 00/ 442 196 18 01","2"
"155","cancun - 75","cancun - 75","cancun - 75","01 998 8 81 15 00/ fax 01 998 881 15 70","2"
"156","chetumal - 79","chetumal - 79","chetumal - 79","01 983 835 10 00/983 835 10 70","2"
"157","playa del carmen - 307","playa del carmen - 307","playa del carmen - 307","01 (984) 206 44 00 fax:(984) 206 44 70","2"
"158","f. f. san luis potosi - 36","f. f. san luis potosi - 36","f. f. san luis potosi - 36","01 44 48 34 19 00/44 48 34 19 70","2"
"159","san luis potosi - 136","san luis potosi - 136","san luis potosi - 136","01 44 48 26 48 00","2"
"160","los mochis - 305","los mochis - 305","los mochis - 305","01 668 816 78 00","2"
"161","culiacan - 46","culiacan - 46","culiacan - 46","01 66 77 59 28 00/ fax 66 77 59 28 70","2"
"162","f. f. mazatlan centro - 55","f. f. mazatlan centro - 55","f. f. mazatlan centro - 55","01 66 99 89 08 00/66 99 89 08 74","2"
"163","marina mazatlan - 117","marina mazatlan - 117","marina mazatlan - 117","01 66 99 89 19 00 ","2"
"164","hermosillo - 50","hermosillo - 50","hermosillo - 50","01 662 289 28 00/fax 662 289 28 70","2"
"165","ff. cd obregon - 60","ff. cd obregon - 60","ff. cd obregon - 60","tel 01644 4-10-58-00","2"
"166","f. f. villahermosa - 12 ","f. f. villahermosa - 12 ","f. f. villahermosa - 12 ","01 99 33 10 60 00/ 99 33 10 60 70","2"
"167","villahermosa - 21","villahermosa - 21","villahermosa - 21","01 993  310 77 00/ fax 01 993 310 77 77","2"
"545","av. reforma - 3091","av. reforma - 3091","av. reforma - 3091","01 (867) 717 0837  ","3"
"168","villahermosa altabrisa - 134","villahermosa altabrisa - 134","villahermosa altabrisa - 134","01 993 310 69 00 ","2"
"169","tampico - 41","tampico - 41","tampico - 41","01 833 229 36 00/fax 01 833 229 36 97","2"
"170","cd. victoria - 126","cd. victoria - 126","cd. victoria - 126","01834-153-11-00","2"
"171","metepec - 74","metepec - 74","metepec - 74","01 722 2 76 27 00/fax 722 276 27 70","2"
"172","veracruz - 73","veracruz - 73","veracruz - 73","01 229 989 24 00/fax 229 989 24 70","2"
"174","xalapa - 82","xalapa - 82","xalapa - 82","01 228 141 11 00/fax 01 228 141 11 70","2"
"175","coatzacoalcos - 85","coatzacoalcos - 85","coatzacoalcos - 85","01 921 211 70 00/fax 01 921 211 70 70","2"
"176","f. f. xalapa -10","f. f. xalapa -10","f. f. xalapa -10"," 01 228 842 22 00/fax 01 228 8422270","2"
"177","f. f. cordoba - 11","f. f. cordoba - 11","f. f. cordoba - 11","01 27 17 17 20 00/ 27 17 17 20 80","2"
"178","f. f. coatzacoalcos - 16","f. f. coatzacoalcos - 16","f. f. coatzacoalcos - 16","01 92 12 11 70 00/92 12 11 70 70","2"
"179","f. f. poza rica - 17","f. f. poza rica - 17","f. f. poza rica - 17","01 78 28 26 23 00/78 28 26 23 70","2"
"180","f. f. veracruz  - 28","f. f. veracruz  - 28","f. f. veracruz  - 28","01 22 99 89 40 00/22 99 89 40 70","2"
"181","orizaba - 121","orizaba - 121","orizaba - 121","01 272 728 12 00/fax  01 272 728 12 70","2"
"182","tuxpan - 169","tuxpan - 169","tuxpan - 169","tel:(783) 102 37 00 
fax:(783) 102 37 70 ","2"
"183","merida - 76","merida - 76","merida - 76","01 999 9 42 72 00/fax 999 942 72 70","2"
"184","zacatecas - 127","zacatecas - 127","zacatecas - 127","01 492  491 80 00/ fax 01 491  80 70","2"
"186","santa monica - 4985","santa monica - 4985","santa monica - 4985","01 449 918 40 39   o9  16 ext 124 ","4"
"187","mexicali - 4728","mexicali - 4728","mexicali - 4728","(01 686) conm. 592 11 48  gcia. 561 49 73  dir 592 12 41  fax 561 49 73","4"
"188","tijuana - 6523","tijuana - 6523","tijuana - 6523","(01 664) conm. 634 69 79 gcia. 634 68 16 dir 634 68 17 ","4"
"189","macro plaza - 4982","macro plaza - 4982","macro plaza - 4982","01 664 625 15 41","4"
"190","ensenada - 6261","ensenada - 6261","ensenada - 6261","01 (646) 177-6292","4"
"191","la paz (cola de ballena) - 4981","la paz (cola de ballena) - 4981","la paz (cola de ballena) - 4981","01 612  124 23 26 y/o 124-23-24","4"
"732","ff saltillo - 159",,,,"2"
"745","f. zupamgo - 196",,,,"2"
"757","toluca sendero - 193",,,,"2"
"194","cd. del carmen -4935","cd. del carmen -4935","cd. del carmen -4935","01 938) 286-12-16  ","4"
"195","tuxtla gtz. - 6563","tuxtla gtz. - 6563","tuxtla gtz. - 6563","(01 961) conm. 615 77 30  gcia. 615 77 32  fax 615 77 31 y 33","4"
"196","tapachula libramiento - 4914","tapachula libramiento - 4914","tapachula libramiento - 4914","(01 962) 628 28 80  ger 628 28 81  fax ext 628 28 84 al 89","4"
"197","comitan  - 4969","comitan  - 4969","comitan  - 4969","01 963 6329434","4"
"198","san cristobal de las casas - 4992","san cristobal de las casas - 4992","san cristobal de las casas - 4992","01 967 6317555","4"
"199","albino corzo - 6248","albino corzo - 6248","albino corzo - 6248","01-961 12 12 893 y/o 121 29 10","4"
"200","cd. juarez -6584","cd. juarez -6584","cd. juarez -6584","(01 656) conm. 629 09 07 gcia y fax 618 53 52 ","4"
"201","chihuahua -8240","chihuahua -8240","chihuahua -8240","(01 614) conm. 429 13 00 dir. 423 13 46 fax ext 114 y 129 ","4"
"202","homero - 4999","homero - 4999","homero - 4999","(01 614) 484-82-43 y/o 142-32-92","4"
"203","hidalgo del parral - 6551","hidalgo del parral - 6551","hidalgo del parral - 6551","01 627 523 6243 y/o 523-57-32","4"
"204","cd cuauhtemoc - 6234","cd cuauhtemoc - 6234","cd cuauhtemoc - 6234","01 (614) 581-42-14 ","4"
"205","delicias - 6249","delicias - 6249","delicias - 6249","01 (639)4723077 y/o 474 65 81","4"
"207","torreon - 6470","torreon - 6470","torreon - 6470","(01 871) conm. 732 09 48 gcia. 732 09 47 dir. 732 11 01 fax ext 124","4"
"208","monclova - 6260 ","monclova - 6260 ","monclova - 6260 ","01 (866) 105-2441      ","4"
"209","colima - 4913","colima - 4913","colima - 4913","(01 312) conm 323 51 72 gcia 323 52 19 dir 323 51 74 fax 323 51 76","4"
"210","manzanillo - 6279","manzanillo - 6279","manzanillo - 6279","01 (314) 333-8261 ","4"
"211","acoxpa - 4910","acoxpa - 4910","acoxpa - 4910","conm 56 79 32 15  y/o 56 79 36 03 ger 56 79 31 97 56 79 31 94","4"
"212","universidad - 6224 ","universidad - 6224 ","universidad - 6224 ","conm 56 04 08 75 ger 5688 8722 ext 114 y 125 fax ext 142 ","4"
"213","san jeronimo - 6393","san jeronimo - 6393","san jeronimo - 6393","(01 55) 55-68-06-81  ","4"
"214","santa fe - 8124","santa fe - 8124","santa fe - 8124","conm. 52 57 98 00  gcia. 52 92 19 02  fax ext 119","4"
"215","polanco - 6390","polanco - 6390","polanco - 6390","conm. 55 45 63 00 al 04  gcia. 55 45 72 99  fax 55 45 72 98","4"
"216","plaza oriente - 6394","plaza oriente - 6394","plaza oriente - 6394","conm. 56 00 92 13  gcia ext 114 y 125  fax ext 140","4"
"217","toreo - 6264","toreo - 6264","toreo - 6264","conm. 55 57 37 17 y/ 0 55-57-45-43  ger 55 57 38 17  fax 55 57 38 17","4"
"218","tepeyac - 4901","tepeyac - 4901","tepeyac - 4901","conm 57 59 85 33  57392928 ext 124 ger 57 39 29 26  fax 57 39 29 26 044-55-91-89-15-36","4"
"219","calz zaragoza - 6205","calz zaragoza - 6205","calz zaragoza - 6205","01 (55) 51-15-66-37  ","4"
"220","el rosario - 4975","el rosario - 4975","el rosario - 4975","01-55-91-27-10-43","4"
"221","cuemanco - 6285","cuemanco - 6285","cuemanco - 6285","01 (55) 5481-9183","4"
"222","nicolas romero - 6282","nicolas romero - 6282","nicolas romero - 6282","01 (552) 210-9167","4"
"223","patio santa fe - 4989","patio santa fe - 4989","patio santa fe - 4989","01 (55) 5292-6609","4"
"225","durango - 6236","durango - 6236","durango - 6236","(01 618) conm. 813 90 70  ger ext 125  dir 813 90 49  fax 812 95 49 ","4"
"226","el eden  - 6300","el eden  - 6300","el eden  - 6300","01 (618) 826-0421 ","4"
"227","multiplaza aragon - 6247","multiplaza aragon - 6247","multiplaza aragon - 6247","57751985 o 3511","4"
"228","lomas verdes - 4879","lomas verdes - 4879","lomas verdes - 4879","conm 53 49 34 73 y 74  gcia 53 49 34 75 ext 125","4"
"229","las américas - 4934","las américas - 4934","las américas - 4934","(01 55) conm. 24 86 40 30   24 86-40-44 ext. 114 y 125  fax ext. 114","4"
"230","cuautitlán  izcalli - 6207","cuautitlán  izcalli - 6207","cuautitlán  izcalli - 6207","conm. 58687250 al 52  gcia. 58 68 46 69  fax 58 68 46 64 ext 142 y 121   58687246","4"
"231","satelite - 6391","satelite - 6391","satelite - 6391","conm. 53 25 09 26  ger 53 98 22 73  fax ext 136  124  119 y 105 ","4"
"232","coacalco - 4805","coacalco - 4805","coacalco - 4805","conm. 10 39 04 04 al 19  gcia. 58 98 47 47  fax ext 114  137  146  124","4"
"233","cd. jardin -4954","cd. jardin -4954","cd. jardin -4954","(01 55) 57 35 53 17 ","4"
"234","hiper plaza texcoco - 4968","hiper plaza texcoco - 4968","hiper plaza texcoco - 4968","(01 595) 92 50 617  y/o 9250475  925-05-03","4"
"235","ixtapaluca - 4958","ixtapaluca - 4958","ixtapaluca - 4958","(01 55) 25-96-91-10 ","4"
"236","periferico- cuautitlan - 4986","periferico- cuautitlan - 4986","periferico- cuautitlan - 4986","(01 55) 22-39-51-05 ","4"
"237","santa elena - 4979","santa elena - 4979","santa elena - 4979","(01 55)22-92-21-54 ext 120  o 121","4"
"238","tecamac - 4960","tecamac - 4960","tecamac - 4960","(01 55) 1383 9707 y 1383 9709","4"
"239","toltecas - 4970 ","toltecas - 4970 ","toltecas - 4970 ","(01 55) 16-65-60-21  ","4"
"240","lago de guadalupe - 4961","lago de guadalupe - 4961","lago de guadalupe - 4961","(01 55) 53-05-49-90 o 06","4"
"241","zumpango - 4984","zumpango - 4984","zumpango - 4984","01-591-9185958 ","4"
"242","ecatepec - 6232","ecatepec - 6232","ecatepec - 6232","01 (55) 1550-5013","4"
"245","rios de los remedios - 6287","rios de los remedios - 6287","rios de los remedios - 6287","01 (55) 5481-9128 ","4"
"246","irapuato - 6223","irapuato - 6223","irapuato - 6223","(01 462) conm. 690 00 04 al 13 gcia. 625 55 98 fax ext 136 y 124","4"
"247","leon clouthier - 6513 ","leon clouthier - 6513 ","leon clouthier - 6513 ","(01 477) conm 781 09 43 ger 781 01 30 fax ext 126 y 122  781 00 73","4"
"248","lopez mateos - 4877","lopez mateos - 4877","lopez mateos - 4877","(01 477) conm 711 45 05  ger 711 55 37 fax 711 55 37","4"
"249","celaya  irrigacion - 4977","celaya  irrigacion - 4977","celaya  irrigacion - 4977","(01 461) 608-76-87  y/o 611 48 46","4"
"250","salamanca - 6289","salamanca - 6289","salamanca - 6289","01 (464)-113-0585 ","4"
"251","chilpancingo - 4937","chilpancingo - 4937","chilpancingo - 4937","(01 747) conm 116 00 09  01747-11-60-013  ger 116 00 08  (01 747) 116-00-06 y/o 11   ext 125","4"
"252","acapulco diamante - 4949","acapulco diamante - 4949","acapulco diamante - 4949","(01 744) conm 466 39 67 y/o  466-25-49 ger 466 39 70 fax 488 52 73","4"
"733","f buenavista - 164",,,,"2"
"746","texcoco -197",,,,"2"
"254","iguala - 6221","iguala - 6221","iguala - 6221","01(733)110-3069  110-3224 y/o 332-9770","4"
"255","zihuatanejo - 6252","zihuatanejo - 6252","zihuatanejo - 6252","01-755-44-47-35-2","4"
"256","tulancingo - 4946","tulancingo - 4946","tulancingo - 4946","(01 775) conm 112 10 91  ger 112 10 92 / 112 10 88","4"
"257","zona plateada - 6265","zona plateada - 6265","zona plateada - 6265"," 01 (771) 711-4124","4"
"258","pachuca - 6534","pachuca - 6534","pachuca - 6534","(01 771) conm. 713 34 916  gcia. 714 87 41  fax 713 03 38 ","4"
"259","palomar gdl - 4944","palomar gdl - 4944","palomar gdl - 4944","(01 33) conm. 36 12 65 80 ger. 36 12 74 14 dir. 36 12 63 10","4"
"260","tlaquepaque - 6398","tlaquepaque - 6398","tlaquepaque - 6398","(01 33) conm. 36 57 57 06 ger 36 57 86 14 fax ext 114 y 136","4"
"261","mariano otero - 6469","mariano otero - 6469","mariano otero - 6469","(01 33) conm. 36 34 88 70  gcia. 36 34 88 42  dir 36 34 88 64  fax 36 34 88 42","4"
"262","puerto vallarta - 6237","puerto vallarta - 6237","puerto vallarta - 6237","(01 322) conm. 225 00 05 dir 225 15 65 fax ext 146 y 136","4"
"263","nuevo vallarta - 6240","nuevo vallarta - 6240","nuevo vallarta - 6240","01 (322) 187-0723 ","4"
"265","patria - 6215","patria - 6215","patria - 6215","(01 33) 36-10-27-01  ","4"
"266","independencia - 6219","independencia - 6219","independencia - 6219","01 33 31688572   31688582   31688855  31688706","4"
"267","gonzalo gallo - 6254","gonzalo gallo - 6254","gonzalo gallo - 6254","01 (33) 3650-5063 ","4"
"268","iteso-periferico - 6258","iteso-periferico - 6258","iteso-periferico - 6258","01 (33) 3855-5014 ","4"
"269","uruapan - 4936","uruapan - 4936","uruapan - 4936","(01 452) conm 528 82 75  ger 528 82 68  fax 528 82 23","4"
"270","morelia - 6585","morelia - 6585","morelia - 6585","(01 443) conm 315 00 81 ger 324 96 34 fax ext 114 y 125 ","4"
"271","la piedad - 6226","la piedad - 6226","la piedad - 6226","(01352) 525-62-55","4"
"272","lazaro cardenas - 6244","lazaro cardenas - 6244","lazaro cardenas - 6244","01 (753)-53-1-35-34 y/o 531-3610","4"
"273","zamora - 6217","zamora - 6217","zamora - 6217","01 (351) 5151681","4"
"274","morelia reforma - 6297","morelia reforma - 6297","morelia reforma - 6297","01 (443) 308-2218 ","4"
"275","cuernavaca - 6467","cuernavaca - 6467","cuernavaca - 6467","(01 777) conm. 329 02 00 y/o 317 52 13 ger 317 52 24 fax ext 141  136  140","4"
"276","cuautla - 4957","cuautla - 4957","cuautla - 4957","(01 735) 122 -22-71 y/o 69","4"
"277","civac morelos - 4973","civac morelos - 4973","civac morelos - 4973","01 (777) 309 11 68","4"
"278","tepic - 4947","tepic - 4947","tepic - 4947","(01 311) 129 17 13 al 20 fax 129 17 21","4"
"279","la pastora (cerro de la silla) - 4991","la pastora (cerro de la silla) - 4991","la pastora (cerro de la silla) - 4991","01 81) 83-23-66-44 o 41","4"
"280","san nicolas - 6204 ","san nicolas - 6204 ","san nicolas - 6204 ","0181 104 88 25  ","4"
"281","santa catarina - 6293","santa catarina - 6293","santa catarina - 6293","018154812969 o 29 y 70","4"
"282","universidad - 4727","universidad - 4727","universidad - 4727","(01 81) conm. 83 32 96 32 gcia. 83 32 11 47 dir 8332 9635 fax ext 126 ","4"
"365","monterrey cumbres - 717","monterrey cumbres - 717","monterrey cumbres - 717","01(818) 121-00-70","5"
"283","las torres - 6275","las torres - 6275","las torres - 6275","(01 81) conm. 83 49 46 71 ger 83 49 74 39  dir 83 49 36 66 fax ext 141 y 126  8349-7436","4"
"284","gonzalitos - 6392","gonzalitos - 6392","gonzalitos - 6392","(01 81) conm. 83 18 04 06 ger 83 11 09 85 ext 125 dir 83 11 09 83 fax ext 126","4"
"285","miguel aleman - 6468","miguel aleman - 6468","miguel aleman - 6468","(01 81) conm. 83 34 68 68 ger 83 34 68 82 dir 83346879 fax 83 34 68 82","4"
"286","gomez morin - 4978","gomez morin - 4978","gomez morin - 4978","(0181)8356-6024  018183566192 018183566636","4"
"287","oaxaca - 6557 ","oaxaca - 6557 ","oaxaca - 6557 ","(01 951) 506-00-99  ","4"
"288","salinas cruz - 6222","salinas cruz - 6222","salinas cruz - 6222","01 (971) 716-1795","4"
"289","tuxtepec - 6277","tuxtepec - 6277","tuxtepec - 6277","01 (287)-877-9296 ","4"
"290","tehuacan - 4939","tehuacan - 4939","tehuacan - 4939","(01 238) conm 384 72 43  ger 384 68 94  fax 384 68 96","4"
"292","puebla la noria - 6396","puebla la noria - 6396","puebla la noria - 6396","(01 222) conm. 237 40 99  gcia. 243 73 98  fax 243 73 59 ext 131","4"
"293","hospital general - 6211","hospital general - 6211","hospital general - 6211","(01 222)-395 31 55  395 30 65  395 31 27  395 30 63","4"
"294","forjadores (cholula) - 4988 ","forjadores (cholula) - 4988 ","forjadores (cholula) - 4988 ","01 222 329  12 88","4"
"295","san juan del río - 4945","san juan del río - 4945","san juan del río - 4945","(01 427) conm. 264 81 60 ger y fax 264 81 68","4"
"296","queretaro - 6397","queretaro - 6397","queretaro - 6397","(01 442) conm. 217 70 00  ger 217 77 80  fax ext 125","4"
"297","plaza de toros - 4827","plaza de toros - 4827","plaza de toros - 4827","(01 442) conm 242 91 48; ger 215 23 57 / 242 04 98 fax 215 31 88","4"
"298","playa del carmen - 4841","playa del carmen - 4841","playa del carmen - 4841"," 3 y 3 """"a"""" mz 30 col. playacar","4"
"299","bahía de chetumal - 4951","bahía de chetumal - 4951","bahía de chetumal - 4951","(01 983) conm 129 31 18  31  ger 129 31 28 / 129 31 29","4"
"300","cancun cumbres - 4972","cancun cumbres - 4972","cancun cumbres - 4972","01 998 882 0514  882 1679  8821339  882 0521","4"
"301","cancun - 6278","cancun - 6278","cancun - 6278","(01 998) conm 881 02 00  gcia 887 73 76  fax 884 76 00","4"
"302","cozumel - 6227","cozumel - 6227","cozumel - 6227","01 (987) 869-3584","4"
"303","san luis - 6206","san luis - 6206","san luis - 6206","(01 444) conm. 841 53 50 al 66  gcia. ext 114-125  fax ext 124 141 125","4"
"304","rotonda - 6213","rotonda - 6213","rotonda - 6213","01(481) 382-28-44  ","4"
"305","carretera 57 - 6242","carretera 57 - 6242","carretera 57 - 6242","01(444) 5675358","4"
"306","cd valles - 6213","cd valles - 6213","cd valles - 6213","01 (481) 381-9427 ","4"
"307","los mochis - 4791","los mochis - 4791","los mochis - 4791","(01 668) conm. 812 25 26 gcia. 812 04 32 dir 812 23 43 fax ext 114 y/o 812 23 43","4"
"308","culiacan - 6586","culiacan - 6586","culiacan - 6586","(01 667) 759 02 00 ger ext 114 fax ext 129 ","4"
"309","mazatlan - 6583","mazatlan - 6583","mazatlan - 6583","(01 669) conm 989 05 00 ger 986 40 61 fax ext 113 ","4"
"310","mexico 68 - 4955","mexico 68 - 4955","mexico 68 - 4955","01 667  146 04 06","4"
"734","f.f plaza central - 182",,,,"2"
"747","salamanca - 194",,,,"2"
"758","via vallejo - 124",,,,"1"
"765","los mochis - 249",,,,"1"
"770","patio santa fe - 4502",,,,"8"
"772","plaza gran sur - 4563",,,,"8"
"313","blvd morelos - 6241","blvd morelos - 6241","blvd morelos - 6241","(01 662) 2 11 39 00  ","4"
"314","guaymas - 6210 ","guaymas - 6210 ","guaymas - 6210 ","01(622)2-210-687  y/o 221-42-10","4"
"315","puerto peñasco - 4983","puerto peñasco - 4983","puerto peñasco - 4983","01 (638) 102-1508","4"
"316","nogales-sonora - 6288","nogales-sonora - 6288","nogales-sonora - 6288","01 (631) 319-2545","4"
"317","general pesqueira - 6298","general pesqueira - 6298","general pesqueira - 6298","01 (642) 421-2188 ","4"
"318","villahermosa la carrizal - 6574","villahermosa la carrizal - 6574","villahermosa la carrizal - 6574","(01 993) conm. 354 40 02  gcia. 354 33 94  fax 354 10 30","4"
"319","villahermosa guayabal - 4911","villahermosa guayabal - 4911","villahermosa guayabal - 4911","(01 993) conm 314 80 12 al 14  gcia 314 80 15 al 17  fax ext 140","4"
"320","cardenas tabasco - 6212","cardenas tabasco - 6212","cardenas tabasco - 6212","01 (93) 737-29-412  y/o 372 97 94","4"
"366","puebla - 714","puebla - 714","puebla - 714","01(222) 273-53-00 ","5"
"321","cd. victoria - 4801","cd. victoria - 4801","cd. victoria - 4801","(01 834) conm. 305 07 13 al 24  gcia. 305 00 47  fax ext 136  y/o 305 07 17","4"
"322","reynosa - 4941","reynosa - 4941","reynosa - 4941","(01 899) conm. 180 05 11 al 17  ger. 180 05 24  dir 180 05 19 al 23  fax ext 114","4"
"323","matamoros - 4950","matamoros - 4950","matamoros - 4950","(01 868) conm. 819 42 21 819 42 23 / 819 39 19 fax ext 114 y/o 819-34-66","4"
"324","tampico - 6577","tampico - 6577","tampico - 6577","(01 833) conm. 224 40 21  ger 224 50 62 dir 224 40 06  fax ext 136","4"
"325","nuevo laredo - 6250","nuevo laredo - 6250","nuevo laredo - 6250","01 (867) 714 80 04  715 33 89  715 31 78","4"
"326","el molinito tlaxcala - 6208","el molinito tlaxcala - 6208","el molinito tlaxcala - 6208","(01246)4687514 - 20  ","4"
"327","toluca - 6497","toluca - 6497","toluca - 6497","conm. 01722 279 99 29  ger 212 13 45  fax 279 99 29 ext 131  121  124","4"
"328","alfredo del mazo - 6225","alfredo del mazo - 6225","alfredo del mazo - 6225","01 (722) 237-8661","4"
"329","poza rica - 4938","poza rica - 4938","poza rica - 4938","(01 782) conm 821 49 73 al 88  ger 8 21 49 74","4"
"331","veracruz - 8122","veracruz - 8122","veracruz - 8122","(01 229) conm. 989 02 00  gcia 922 41 55  922 41 56","4"
"332","xalapa -4878","xalapa -4878","xalapa -4878","(01 228) conm 813-94-54  gcia 813-62-94  fax 813 56 07 ","4"
"333","tuxpan - 6218","tuxpan - 6218","tuxpan - 6218","01 (783) 835-4412  8354899","4"
"334","cordoba - 4862","cordoba - 4862","cordoba - 4862","(01 271) conm 736 17 53  ger 736 17 61","4"
"335","playa norte -6209","playa norte -6209","playa norte -6209","(229)986-89-77 al 012299243840","4"
"336","merida - 6576","merida - 6576","merida - 6576","(01 999) conm. 944 97 52  gcia 944 97 54  fax 944 97 53 ","4"
"337","aviacion - 6286","aviacion - 6286","aviacion - 6286","01 (999) 176-7765","4"
"338","merida oriente - 4987","merida oriente - 4987","merida oriente - 4987","01 999 196 2035","4"
"339","zacatecas - 4790","zacatecas - 4790","zacatecas - 4790","(01 492) conm. 899 12 03  ger 768 00 84  899 12 09  fax ext 114 y 141","4"
"340","fresnillos - 6294","fresnillos - 6294","fresnillos - 6294","01 (493) 878-2260 ","4"
"341","aguascalientes - 708","aguascalientes - 708","aguascalientes - 708","01(449) 910-97-60","5"
"342","mexicali - 750","mexicali - 750","mexicali - 750","01(686) 580-45-30","5"
"343","tijuana la mesa - 752","tijuana la mesa - 752","tijuana la mesa - 752","01(664) 622-65-00","5"
"344","tijuana rio - 753","tijuana rio - 753","tijuana rio - 753","01(664) 633-35-55","5"
"345","ensenada -754","ensenada -754","ensenada -754","01(646) 172-38-10","5"
"346","los cabos - 724","los cabos - 724","los cabos - 724","01(624) 146-71-80","5"
"347","chihuahua - 8240","chihuahua - 8240","chihuahua - 8240","01(614) 432-69-14","5"
"348","cd. juarez - 755","cd. juarez - 755","cd. juarez - 755","01(656) 227-68-00","5"
"349","coapa - 702","coapa - 702","coapa - 702","01(55) 54-83-90-80","5"
"350","mixcoac - 707","mixcoac - 707","mixcoac - 707","01(55) 52-76-81-60","5"
"351","polanco - 720","polanco - 720","polanco - 720","01(55) 21-22-02-60","5"
"352","interlomas -718","interlomas -718","interlomas -718","01(55)55-91-25-94","5"
"353","satelite - 701","satelite - 701","satelite - 701","01(55) 53-74-99-40","5"
"354","arboledas - 726","arboledas - 726","arboledas - 726","01(55) 53-21-32-80","5"
"355","celaya  - 723","celaya  - 723","celaya  - 723","01(461) 192-13-00","5"
"356","leon - 705","leon - 705","leon - 705","01(477) 788-13-00","5"
"358","zapopan - 703","zapopan - 703","zapopan - 703","01(333) 777-40-40","5"
"359","puerto vallarta - 721","puerto vallarta - 721","puerto vallarta - 721","01(322) 226-25-80","5"
"360","gdl lopez mateos - 730","gdl lopez mateos - 730","gdl lopez mateos - 730","01(333)283-33-30","5"
"361","morelia - 710","morelia - 710","morelia - 710","01(443) 322-30-00","5"
"362","cuernavaca - 713","cuernavaca - 713","cuernavaca - 713","01(777) 101-05-10 ext. 125 y 126","5"
"363","monterrey valle - 715","monterrey valle - 715","monterrey valle - 715","01(818) 133-98-00","5"
"367","queretaro - 704","queretaro - 704","queretaro - 704","01(442) 211-67-00","5"
"368","cancun - 712","cancun - 712","cancun - 712","01(998) 881-02-50","5"
"369","san luis potosi - 716","san luis potosi - 716","san luis potosi - 716","01(444) 834-16-00","5"
"370","hermosillo - 751","hermosillo - 751","hermosillo - 751","01(662) 236-06-20","5"
"371","metepec - 709","metepec - 709","metepec - 709","01(722) 275-70-20","5"
"372","xalapa - 719","xalapa - 719","xalapa - 719","01(228) 841-63-00","5"
"373","veracruz - 732","veracruz - 732","veracruz - 732","01(229) 923-65-00","5"
"374","merida - 711","merida - 711","merida - 711","01(999) 942-46-50","5"
"375","aguascalientes - 2346 ","aguascalientes - 2346 ","aguascalientes - 2346 ","01-449-910-7001-al 10 fax 912-66-00  ","3"
"376","plaza san pedro  - 1140","plaza san pedro  - 1140","plaza san pedro  - 1140","(01 686) 564-54-59 / 564-53-96","3"
"378","mexicali - 2304","mexicali - 2304","mexicali - 2304","(01 686) 561-33-55 561-01-55 fax 0644  ","3"
"735","xochimilco -190",,,,"2"
"748","zamora - 178",,,,"2"
"759","cosmopol - 125",,,,"1"
"766","galerias mazatlan - 247",,,,"1"
"380","galerias valle - 4026","galerias valle - 4026","galerias valle - 4026","01 686 568 05 79  ","3"
"381","tijuana2000 - 4155","tijuana2000 - 4155","tijuana2000 - 4155","01 664 2118659-60 / 2118638/2118570/211633/2118555","3"
"382","el playas de rosarito  - 4187","el playas de rosarito  - 4187","el playas de rosarito  - 4187","01 661 613 92 44 al 54","3"
"383","ensenada - 3015","ensenada - 3015","ensenada - 3015","01 646 173 3079/ 3076/ 3080/ 3092 / 3051/ 3064/ 3068/ 3072/ 3069/ 3069/ 3065","3"
"384","cola de ballena  - 4156","cola de ballena  - 4156","cola de ballena  - 4156","01 612 124 2314 / 2315 / 2316 / 2317 / 2318 / 2319","3"
"385","los cabos  - 3069","los cabos  - 3069","los cabos  - 3069","01 624 144 7114/ 17/ 18/ 19","3"
"386","supercenter campeche  - 1685","supercenter campeche  - 1685","supercenter campeche  - 1685","01 938 1 33 88 94 /   2 86 02 26 ","3"
"387","campeche - 4139","campeche - 4139","campeche - 4139","81 11297 / 81  60987 / 81 10256 / 81 10325","3"
"388","belisario dominguez - 1130","belisario dominguez - 1130","belisario dominguez - 1130","01 961 121 55 33 al 41","3"
"389","comitan de dominguez - 1624","comitan de dominguez - 1624","comitan de dominguez - 1624","01 963 6329456  al 61","3"
"390","tuxpan - 2218","tuxpan - 2218","tuxpan - 2218","01 783 8344543 / 8345835 / 8349204 / 8351046 / 8356110 / 8356123","3"
"391","libramiento norte - 4027","libramiento norte - 4027","libramiento norte - 4027","01 961 1214094 / 6028605","3"
"392","tapachula - 4072","tapachula - 4072","tapachula - 4072","01 962 628 4064 al 69","3"
"393","delicias - 1138","delicias - 1138","delicias - 1138","01 639 470 03 16 / 470 0181 / 4700175","3"
"394","parral - 1170","parral - 1170","parral - 1170","01 627 5258273 / 5258277","3"
"395","cd. cuauhtemoc - 1623","cd. cuauhtemoc - 1623","cd. cuauhtemoc - 1623","01 625 5905375-80","3"
"397","plaza monumental  - 2089","plaza monumental  - 2089","plaza monumental  - 2089","01 656 613 2621/ 3154/ 3880/ 5149/ 5461","3"
"398","chihuahua - 2302","chihuahua - 2302","chihuahua - 2302","01 614 423 56 07  al 13 ","3"
"399","cd. juarez - 2377","cd. juarez - 2377","cd. juarez - 2377","01 656 6235899 y 6236116","3"
"400","fuentes mares  - 3033","fuentes mares  - 3033","fuentes mares  - 3033","01 614 435 8868/ 435 9033/ 435 9171/ 9194/  9435/ 9602/  9629/  9700/  9738/  9752","3"
"401","norte 2000 - 5728 ","norte 2000 - 5728 ","norte 2000 - 5728 ","01 614 481 73 95 / 4222 / 7322/ 6451","3"
"402","torres del sur  - 5764 ","torres del sur  - 5764 ","torres del sur  - 5764 ","01 656 690 6704","3"
"403","monclova  - 1007","monclova  - 1007","monclova  - 1007","01 86 6648 2579 al 89/ 2397","3"
"404","galerias saltillo - 1404","galerias saltillo - 1404","galerias saltillo - 1404","485 3695 al 99","3"
"405","torreon - 2375","torreon - 2375","torreon - 2375","01 871 729 0010","3"
"406","saltillo  - 2465","saltillo  - 2465","saltillo  - 2465","01 844-4140029/0862/0994  ","3"
"407","la rosita  - 3622","la rosita  - 3622","la rosita  - 3622","01 871 730 8019","3"
"408","colima norte  - 1054","colima norte  - 1054","colima norte  - 1054","01 312 323 5319 al 22/ 323 5324 al 26 ","3"
"409","colima niños heroes - 3879","colima niños heroes - 3879","colima niños heroes - 3879","01 312 313 1166/  80/  77","3"
"410","manzanillo - 4062","manzanillo - 4062","manzanillo - 4062","01 314 333 3844/ 334 3550/ 334 3551/ 334 3584/ 334 3603/ 334 3614/ 334 3618/ 334 3623/ 334 3683/ 334 3703                                             ","3"
"411","acueducto de guadalupe  - 3794","acueducto de guadalupe  - 3794","acueducto de guadalupe  - 3794","53 88 01 51/ 53 67 58 05/ 53 88 73 86 / 5369 21 12 / 5369 47 21","3"
"412","aereopuerto - 3851","aereopuerto - 3851","aereopuerto - 3851","5571 8177","3"
"413","azcapotzalco  - 3862","azcapotzalco  - 3862","azcapotzalco  - 3862","5353 0156","3"
"414","balbuena - 3872","balbuena - 3872","balbuena - 3872","(01 55) 57-68-60-30 57-68-97-99  ","3"
"415","buenavista - 3846","buenavista - 3846","buenavista - 3846","(0155) 5566-37-11  ","3"
"416","cuajimalpa - 3858","cuajimalpa - 3858","cuajimalpa - 3858","(01 55) 5812-23-45 5812-18-41  ","3"
"417","cuitlahuac - 2466","cuitlahuac - 2466","cuitlahuac - 2466","57-29-99-16 / 53 55 38 81  ","3"
"418","eduardo molina - 4547","eduardo molina - 4547","eduardo molina - 4547","57 50 53 28  ","3"
"419","felix cuevas - 2689","felix cuevas - 2689","felix cuevas - 2689","(0155) 5534-81-00 al 09  ","3"
"420","las aguilas - 3876","las aguilas - 3876","las aguilas - 3876","(01 55) 5664-4056 5660-50-44  ","3"
"421","lomas toreo - 2344","lomas toreo - 2344","lomas toreo - 2344","(0155) 55-57-11-33/53-95-29-57  ","3"
"422","miramontes  - 2464 ","miramontes  - 2464 ","miramontes  - 2464 ","54-47-14-00 y 56-77-71-10  ","3"
"423","periferico sur  - 3863","periferico sur  - 3863","periferico sur  - 3863","01 55) 5606-53-40 5606-58-55","3"
"424","plateros - 3852","plateros - 3852","plateros - 3852","(0155) 5593-10-77  ","3"
"426","taxqueña - 3848","taxqueña - 3848","taxqueña - 3848","5662-38-08/5661-1788/6537/0912  ","3"
"427","tepeyac - 2345","tepeyac - 2345","tepeyac - 2345","(0155) 5517-03-98/8220/  ","3"
"428","tlalpan - 4670","tlalpan - 4670","tlalpan - 4670","5674 54/100","3"
"429","tlahuac - 2347","tlahuac - 2347","tlahuac - 2347","5850 1910  ","3"
"430","universidad - 3845","universidad - 3845","universidad - 3845","(0155) 5604-00-33/5504/0213/  ","3"
"431","villa coapa - 3857","villa coapa - 3857","villa coapa - 3857","(01 55) 5671-65-15 /5594/1713  ","3"
"432","lindavista - 3877","lindavista - 3877","lindavista - 3877","5752 7060 / 5752 7255 / 5752 7489","3"
"433","copilco - 2430","copilco - 2430","copilco - 2430","5659 2790","3"
"434","durango - 2432","durango - 2432","durango - 2432","(01-618)817-88-45  ","3"
"435","durango ii el eden - 3014","durango ii el eden - 3014","durango ii el eden - 3014","(01 618) 836-65-49 / 6596  ","3"
"436","francisco villa - 3071","francisco villa - 3071","francisco villa - 3071","01 871 729 0010","3"
"437","lomas verdes - 1032","lomas verdes - 1032","lomas verdes - 1032","(0155) 5349 3489 al 98  ","3"
"439","ixtapaluca - 1107","ixtapaluca - 1107","ixtapaluca - 1107","59 72 74 43 / 26 06 92 07  ","3"
"440","multi plaza arboledas - 1169","multi plaza arboledas - 1169","multi plaza arboledas - 1169","55-65-1295/1665/9275 al 81 y 4846  ","3"
"736","toreo - 199",,,,"2"
"749","f. f. cuatla - 192",,,,"2"
"760","tlanepantla - 126",,,,"1"
"767","nuevo veracruz - 239",,,,"1"
"442","santa elena - 1423","santa elena - 1423","santa elena - 1423","22922166 al 71","3"
"443","vicente guerrero  1683","vicente guerrero  1683","vicente guerrero  1683",,"3"
"444","hiperplaza texcoco - 1489","hiperplaza texcoco - 1489","hiperplaza texcoco - 1489","01 595 9251524 / 1611/ 1686/ 1749/ 1757/ 1762/ 1768/ 1817/ 1932/ 1972","3"
"445","espacio esmeralda - 1584","espacio esmeralda - 1584","espacio esmeralda - 1584","5308-3097 /  5308-3101 /  5308-3155 / 5308-3216 / 5308-3393","3"
"446","los reyes - 1724","los reyes - 1724","los reyes - 1724","01 591 9185 485 / 193 / 222 / 234 / 296 / 374","3"
"447","toltecas - 2041","toltecas - 2041","toltecas - 2041","53-901189 y 1206  ","3"
"448","cd. jardin -2079","cd. jardin -2079","cd. jardin -2079","5735  4801 / 4845 /4762 /4768 /4779","3"
"449","jorobas - 2219","jorobas - 2219","jorobas - 2219","01 59 39181153 / 0868  provisionales","3"
"450","interlomas - 2382","interlomas - 2382","interlomas - 2382","5290 7010 y 11  ","3"
"451","plaza aragon - 3005","plaza aragon - 3005","plaza aragon - 3005","55-2459/1904 al 07  ","3"
"544","tampico - 2378","tampico - 2378","tampico - 2378","(01 833) 229-14-00 228-81-00  ","3"
"453","satelite - 3847","satelite - 3847","satelite - 3847","55-5562-15-00/5572/2896  ","3"
"454","echegaray - 3850","echegaray - 3850","echegaray - 3850","5360-0264 y 53633779  ","3"
"455","pirules - 3854","pirules - 3854","pirules - 3854","5379-8700/8844  ","3"
"456","coacalco - 3900","coacalco - 3900","coacalco - 3900","5879 7623 / 5898 5268 / 0637 / 0468 / 0463","3"
"457","santa maria coacalco   - 4018","santa maria coacalco   - 4018","santa maria coacalco   - 4018","58 79 46 18 / 58 79 46 74  ","3"
"458","puerta texcoco - 4109","puerta texcoco - 4109","puerta texcoco - 4109","01 595 921 1944/ 0647 / 0668 / 0933 / 1275 / 1500 / 1506 / 1567 / 1573 / 1587","3"
"459","perinorte (antes silos) - 4154","perinorte (antes silos) - 4154","perinorte (antes silos) - 4154","29692005 /  2006  provisionales","3"
"460","periferico-cuautlitlan - 4157","periferico-cuautlitlan - 4157","periferico-cuautlitlan - 4157","2239 51 12 al 21  ","3"
"461","lago de guadalupe - 4191","lago de guadalupe - 4191","lago de guadalupe - 4191","53054069 / 53054091 / 53054106 / 53054128 / 53054142 / 53054200 ","3"
"462","las americas - 5765","las americas - 5765","las americas - 5765","55-2486-4046 al 52/4057/al 59  ","3"
"463","las alamedas - 5855","las alamedas - 5855","las alamedas - 5855","55-5077-60-79  ","3"
"464","irapuato - 1015","irapuato - 1015","irapuato - 1015","462-635-2065 al 74  ","3"
"465","galerias las torres - 1195","galerias las torres - 1195","galerias las torres - 1195","01 477  77653 00/05/64     776 55 20 /    776 62 05  / 776 66 91","3"
"466","el sauz - 2091","el sauz - 2091","el sauz - 2091","01 461 1577206 / 6176168/ 230/ 276/ 296/ 461","3"
"467","torres landa - 2433","torres landa - 2433","torres landa - 2433","01 477 761 82 74 al 83","3"
"468","irrigacion - 3031 ","irrigacion - 3031 ","irrigacion - 3031 ","01 (461)611 3814  ","3"
"469","clouthier - 3745","clouthier - 3745","clouthier - 3745","01 477 781 19 26 al 35","3"
"470","acapulco diamante  - 1068","acapulco diamante  - 1068","acapulco diamante  - 1068","744-443-46-17 al 26  ","3"
"472","acapulco - 2349","acapulco - 2349","acapulco - 2349","744-469-0203  ","3"
"473","combo pachuca  - 3061","combo pachuca  - 3061","combo pachuca  - 3061","01 (77) 1719 7558  ","3"
"474","lopez mateos - 1022","lopez mateos - 1022","lopez mateos - 1022","0133-36-12-7111/6799/6922  ","3"
"475","colon - 1119","colon - 1119","colon - 1119","01 33 3687 1860   /  3687 1847  al 55  ","3"
"476","chapala - 1403","chapala - 1403","chapala - 1403","01 376 766 3280 / 3285/ 3426/ 3716/ 3858/ 4056","3"
"477","macro plaza vallarta - 1550","macro plaza vallarta - 1550","macro plaza vallarta - 1550","01 322 224 94 23 / 224 90 72 / 224 91 78 / 224 92 88","3"
"478","la cima - 1686","la cima - 1686","la cima - 1686","0133 38 34 09 94 / 12 41 / 13 69 provisionales","3"
"479","vallarta - 2342","vallarta - 2342","vallarta - 2342","(0133)-3673-23-23  ","3"
"480","nilo - 3113","nilo - 3113","nilo - 3113",,"3"
"481","tonala - 3631","tonala - 3631","tonala - 3631","33-36-02-71-20/al 25  ","3"
"482","avila camacho - 3721","avila camacho - 3721","avila camacho - 3721","33-31-11-0054  ","3"
"483","pitillal - 3747","pitillal - 3747","pitillal - 3747","01 322 221 0562 / 0870 / 0916/ 1271","3"
"484","plaza mexico - 3856","plaza mexico - 3856","plaza mexico - 3856","33-38-13-14-93  ","3"
"485","revolucion  - 3861","revolucion  - 3861","revolucion  - 3861","33-36-35 4240/2725/9799  ","3"
"486","niño obrero - 3878","niño obrero - 3878","niño obrero - 3878","01 33 31-21-07-11 / 31-21-04-19","3"
"487","jardines del sol - 4012","jardines del sol - 4012","jardines del sol - 4012","01 33 3632 2579 / 40 / 2658/ 2776 ","3"
"488","16 de septiembre - 4540 ","16 de septiembre - 4540 ","16 de septiembre - 4540 ","0133-3658-3381/83  ","3"
"489","uruapan  - 2050 ","uruapan  - 2050 ","uruapan  - 2050 ","452-119-14-08 al 14  ","3"
"490","morelia - 2181","morelia - 2181","morelia - 2181","01 443 327 4800 al 10","3"
"492","domingo diez - 1045","domingo diez - 1045","domingo diez - 1045","777-372-31-47 y 372-33-15 al 23  ","3"
"493","los atrios cuautla - 4090","los atrios cuautla - 4090","los atrios cuautla - 4090","01 735 1 22 23 29 al 38","3"
"494","jiutepec - 5727","jiutepec - 5727","jiutepec - 5727","01 777 3 09 17 23 / 1880 / 2024 al 30","3"
"496","bahia de balderas - 1425","bahia de balderas - 1425","bahia de balderas - 1425","01 322 297 2959 / 297 2991 / 297 3029 / 297 3031 / 297 3047","3"
"497","sendero  - 1027","sendero  - 1027","sendero  - 1027","(01 81) 8397-9355 al 64  ","3"
"498","la huasteca  - 1139","la huasteca  - 1139","la huasteca  - 1139","(01 81) 8390-56-79 y 8390-63-77  ","3"
"499","cerro de la silla - 1833","cerro de la silla - 1833","cerro de la silla - 1833","01 81 83236643 / 83236634 al 38","3"
"500","las torres - 2034","las torres - 2034","las torres - 2034","(01 81) 8318-04-34 8349-01-53  ","3"
"501","valle oriente  - 2044","valle oriente  - 2044","valle oriente  - 2044","(01 81) 8363-5062  ","3"
"502","miguel aleman  - 2076","miguel aleman  - 2076","miguel aleman  - 2076","01 81) 8334-8300 al 06 8334-83-14  ","3"
"503","san nicolas - 2179","san nicolas - 2179","san nicolas - 2179","8661488 - 91 86612530 - 42 -51 - 55","3"
"737","f. f. ixpaluca sendero - 139",,,,"2"
"750","monterrey la fe - 189",,,,"2"
"761","celaya galerias - 245",,,,"1"
"505","plaza centrica  - 3051","plaza centrica  - 3051","plaza centrica  - 3051","8331-7224 8351-1935 8351-2695  ","3"
"506","lincoln  - 3720","lincoln  - 3720","lincoln  - 3720","(01 81) 11-67-13-81 al 90  ","3"
"507","guadalupe n.l.  - 3800","guadalupe n.l.  - 3800","guadalupe n.l.  - 3800","(0181) 8361 5380  ","3"
"509","villa juarez  - 4138","villa juarez  - 4138","villa juarez  - 4138","01 (81) 88617290-99  ","3"
"510","eloy cavazos - 4548","eloy cavazos - 4548","eloy cavazos - 4548","(01 81) 83-93-60-86 88 y 89  ","3"
"511","angelopolis - 2090","angelopolis - 2090","angelopolis - 2090","01 (222) 225 0282  ","3"
"512","hospital general -2732","hospital general -2732","hospital general -2732","01 222 264 6705 / 264 6731 ( # prov of de reclutamiento 3853 san manuel)","3"
"513","san manuel - 3853","san manuel - 3853","san manuel - 3853","(01 222) 245-17-00 y 99 244-96-96  ","3"
"514","reforma - 3864","reforma - 3864","reforma - 3864","(01 222) 248-66-96 248-96-97 248-48-66  ","3"
"515","las animas  - 3886","las animas  - 3886","las animas  - 3886","(01 222) 248-00-90 248 97 88 231-86-95 ","3"
"516","queretaro  - 2356","queretaro  - 2356","queretaro  - 2356","(01 442) 210-18-60 y 68 210-18-71  ","3"
"517","plaza de toros - 5749","plaza de toros - 5749","plaza de toros - 5749","(01 442) 242 37 73 215 08 92 215-86-86  ","3"
"518","playa del carmen - 1003","playa del carmen - 1003","playa del carmen - 1003","(01 984) 803-09-11 803-00-89  ","3"
"519","nichupte  - 1084","nichupte  - 1084","nichupte  - 1084","(01 998) 802-30-64 al 72  ","3"
"520","cancun i - 2384","cancun i - 2384","cancun i - 2384","(01 998) 884-07-37 884-24-00  ","3"
"521","la cruz (playa del carmen) - 2735","la cruz (playa del carmen) - 2735","la cruz (playa del carmen) - 2735",,"3"
"522","insurgentes chetumal - 2840","insurgentes chetumal - 2840","insurgentes chetumal - 2840",,"3"
"523","cancun ii -3632","cancun ii -3632","cancun ii -3632","(01 998) 843-71-36 al 45  ","3"
"524","carretera 57 - 2074","carretera 57 - 2074","carretera 57 - 2074","(01 444) 567-51-48 al 58  ","3"
"525","muñoz - 2075","muñoz - 2075","muñoz - 2075","(01 444) 833-76-51  ","3"
"527","san luis potosi - 2431","san luis potosi - 2431","san luis potosi - 2431","(01 444) 826-00-62","3"
"528","la isla - 1585","la isla - 1585","la isla - 1585","01 667 146  4597/ 4599 / 4601 / 4601 /4602 /4603 /4604","3"
"529","guasave - 1727","guasave - 1727","guasave - 1727","01 (687) 871 2996  ","3"
"530","culiacan - 2379","culiacan - 2379","culiacan - 2379","(01 667) 759-02-50 750-81-60  ","3"
"531","blvd. morelos - 3030","blvd. morelos - 3030","blvd. morelos - 3030","662-2590305  ","3"
"532","ejercito nacional - 3718","ejercito nacional - 3718","ejercito nacional - 3718","01 669 940 6297","3"
"533","los mochis - 4549","los mochis - 4549","los mochis - 4549","(01 66) 8812-1136  ","3"
"534","mexico 68  - 5700","mexico 68  - 5700","mexico 68  - 5700","(01 667) 715-19-14 715-18-71  ","3"
"535","nogales - 40","nogales - 40","nogales - 40","(01 631) 314-79-40 314-65-22 319-30-56  ","3"
"536","hermosillo - 2303","hermosillo - 2303","hermosillo - 2303","(01 662) 259-03-05  ","3"
"537","cd. obregon - 2380","cd. obregon - 2380","cd. obregon - 2380","(01 644) 414-63-85  ","3"
"538","solidaridad - 3746","solidaridad - 3746","solidaridad - 3746","(01 662) 260-95-36  ","3"
"539","guaymas - 4036","guaymas - 4036","guaymas - 4036","01 622 221 13 99  221 14 40 221 15 06  221 17 36 221 17 82  221 20 48","3"
"540","tabasco 2000 - 1031","tabasco 2000 - 1031","tabasco 2000 - 1031","(01 993) 354-59-11 y 81 354-13-52  ","3"
"541","cd. deportiva - 2468","cd. deportiva - 2468","cd. deportiva - 2468","(01 993) 352-32-09 al 17  ","3"
"542","villahermosa i   - 3894","villahermosa i   - 3894","villahermosa i   - 3894","(01 993) 312-33-03 y 14  ","3"
"546","las adelitas  - 3630","las adelitas  - 3630","las adelitas  - 3630","(01 834) 305-07-25 al 31 305-07-35  ","3"
"547","matamoros  - 3719","matamoros  - 3719","matamoros  - 3719","(01 868) 819-56-39 y 42  ","3"
"548","cd madero tamp  - 4025","cd madero tamp  - 4025","cd madero tamp  - 4025","(01833) 274 1427 / 36  ","3"
"549","el molinito - 2731","el molinito - 2731","el molinito - 2731","01 246 468 7427 / 468 7428 ( # prov of de reclutamiento ubicada en 1151 bodega chiautempan)","3"
"550","lerma toluca -1462","lerma toluca -1462","lerma toluca -1462","01 728 284 5315  16  17  18  19  21","3"
"551","toluca - 2343","toluca - 2343","toluca - 2343","219 91 00  / 01 / 02 / 05  / 06 / 07","3"
"552","metepec - 3790","metepec - 3790","metepec - 3790","(01722) 5349 3489 al 98  ","3"
"553","santin toluca - 5702","santin toluca - 5702","santin toluca - 5702","01 722 2104044 / 2104046 / 2104070","3"
"554","zinacantepec - 5791","zinacantepec - 5791","zinacantepec - 5791","01 722 278 5401 / 0896 / 5104","3"
"555","alfredo mazo - 5825","alfredo mazo - 5825","alfredo mazo - 5825","01 722 237 1939 / 2113 / 1407","3"
"556","av universidad coatzacoalcos  - 4024","av universidad coatzacoalcos  - 4024","av universidad coatzacoalcos  - 4024","(01921) 218 9435  ","3"
"557","cordoba - 3909","cordoba - 3909","cordoba - 3909","(01 271) 716-37-43 716-41-41  ","3"
"558","veracruz - 2463","veracruz - 2463","veracruz - 2463","(01 229) 989-02-02","3"
"559"," xalapa   - 3893"," xalapa   - 3893"," xalapa   - 3893","(01 228) 814-00-04 840-86-94  ","3"
"560","xalapa sur - 2839","xalapa sur - 2839","xalapa sur - 2839","01 228 890 2259 / 890 3512 ( # prov of de reclutamiento 3893 xalapa)","3"
"561","poza rica - 4120","poza rica - 4120","poza rica - 4120","01 782 111 5443 / 111 5462 al 70","3"
"563","merida - 2383","merida - 2383","merida - 2383","01 999 9 26 19 78","3"
"564","merida pensiones - 4048","merida pensiones - 4048","merida pensiones - 4048","2000105 96/100","3"
"565","poligono - 4073","poligono - 4073","poligono - 4073","01 999196 1556/ 1557/ 1558/ 1559/ 1560/  1561/  1562/  1563/  1564/ 1565","3"
"566","zacatecas - 4546","zacatecas - 4546","zacatecas - 4546","01 492 925 1054/ 925 1056","3"
"567","gran chapur cancun","gran chapur cancun","gran chapur cancun","01 998 887 23 45","6"
"568","oficinas","oficinas","oficinas","01 999 930 28 00","6"
"569",,,,,"6"
"570","chapur 58 ","chapur 58 ","chapur 58 ","01 999 930 28 00","6"
"571","gran chapur norte","gran chapur norte","gran chapur norte","01 999 942 50 00","6"
"738","coacalco - 180",,,,"2"
"751","serdan puebla - 106",,,,"2"
"573","los cabos - 1010","los cabos - 1010","los cabos - 1010","(01.624) 143.37.10","7"
"574","san jose viejo - 1025","san jose viejo - 1025","san jose viejo - 1025","(0181) 8329.9000    ","7"
"575","tuxtla - 1008","tuxtla - 1008","tuxtla - 1008","(01.961) 614.41.16
(01.961) 614.13.13","7"
"576","chihuahua - 1003","chihuahua - 1003","chihuahua - 1003","(01.614) 422.21.93
(01.614) 422.21.94
(01.614) 422.21.96 al 99","7"
"577","monclova - 1002 ","monclova - 1002 ","monclova - 1002 ","(01.866) 636.13.11
(01.866) 636.10.96","7"
"578","saltillo - 1004","saltillo - 1004","saltillo - 1004","(01.844) 410.56.33
(01.844) 410.63.06
(01.844) 412.75.26","7"
"580","piedras negras - 1033","piedras negras - 1033","piedras negras - 1033","(0181) 8329.9000    ","7"
"581","colima - 1009","colima - 1009","colima - 1009","(01.312) 396.47.96
(01.312) 396.47.97
(01.312) 396.47.98
(01.314) 334.59.59 - manzanillo","7"
"582","durango - 1015","durango - 1015","durango - 1015","(01.618) 818.98.71
(01.618) 818.98.72
(01.618) 818.98.56","7"
"583","gomez palacio - 1019","gomez palacio - 1019","gomez palacio - 1019","(01.871) 750.11.59
(01.871) 750.21.10
(01.871) 750.09.95
(01.871) 750.13.80","7"
"584","coacalco - 1017","coacalco - 1017","coacalco - 1017","(0155) 21-59-79-60 a 68","7"
"585","ecatepec - 1026","ecatepec - 1026","ecatepec - 1026","(01.55)57748479  7640  8003
","7"
"586","ixtapaluca - 1018","ixtapaluca - 1018","ixtapaluca - 1018","(01.55) 25.96.70.16 al 19","7"
"587","santa monica - 1027","santa monica - 1027","santa monica - 1027","(0155) 539.74922
(0155) 539.71566
","7"
"588","pachuca - 1005","pachuca - 1005","pachuca - 1005","(01.771) 107.04.62
(01.771) 107.04.64","7"
"589","lincoln - 1021","lincoln - 1021","lincoln - 1021","(01.81) 83.70.12.62
(01.81) 83.70.15.82
(01.81) 83.70.25.59
(01.81) 83.70.64.79","7"
"590","revolucion - 1030","revolucion - 1030","revolucion - 1030","1.234.4907
123.44.907 y 123.44.906","7"
"591","san jeronimo - 1007","san jeronimo - 1007","san jeronimo - 1007","(01.81) 81.43.89.01 al 05","7"
"592","universidad - 1029","universidad - 1029","universidad - 1029","83.32.55.46
83.32.55.16","7"
"593","sendero lincoln - 1032","sendero lincoln - 1032","sendero lincoln - 1032","(0181) 8329.9000    ","7"
"594","puebla - 1031","puebla - 1031","puebla - 1031","01-2222329571
01-2222328745","7"
"595","queretaro - 1028","queretaro - 1028","queretaro - 1028","(0144) 2242.5558
(0144) 2242.5514
(0144) 2242.5516
(0144) 2242.5517","7"
"596","cancun - 1016","cancun - 1016","cancun - 1016","01.998) 849.26.05 al 12","7"
"597","playa del carmen - 1024","playa del carmen - 1024","playa del carmen - 1024","(01 984) 803 99 01 al 05","7"
"598","culiacan - 1023","culiacan - 1023","culiacan - 1023","01.667) 753.17.61
(01.667) 753.29.30
(01.667) 753.31.40
(01.667) 753.28.81
(01.667) 753.27.30 fax","7"
"599","hermosillo - 1022","hermosillo - 1022","hermosillo - 1022","(01.662) 212.15.76
(01.662) 212.39.82
(01.662) 212.21.60
(01.662) 212.68.00","7"
"600","nuevo laredo - 1013","nuevo laredo - 1013","nuevo laredo - 1013","(01.867) 715.01.84 
(01.867) 715.03.25","7"
"601","tampico - 1011","tampico - 1011","tampico - 1011","(01.833) 217.45.97","7"
"602","reynosa - 1014","reynosa - 1014","reynosa - 1014","(01.899) 995.40.83 al 87","7"
"603","villahermosa - 1006","villahermosa - 1006","villahermosa - 1006","(01.993)314.41.62","7"
"604","toluca - 1020","toluca - 1020","toluca - 1020","(01.722) 317.32.18
(01.722) 317.32.19 
(01.722) 317.31.79
(01.722) 317.31.80","7"
"605","aguascalientes - 4223","aguascalientes - 4223","aguascalientes - 4223","tel. 01.449.99.32.503","8"
"606","tapachula - 4388","tapachula - 4388","tapachula - 4388","tel. 01.962.628.4459","8"
"607","torreon - 4175","torreon - 4175","torreon - 4175","tel. 01.871.750.79.63
fax. 01.871.750.79.68

","8"
"608","galerias saltillo - 4448","galerias saltillo - 4448","galerias saltillo - 4448","tel. 01.844.485.0526","8"
"609","centro - 4101","centro - 4101","centro - 4101","tel. 55.21.16.36
fax 55.21.55.10
","8"
"610","universidad - 4102","universidad - 4102","universidad - 4102","tel. 56.04.35.66
fax 50.20.00.60
","8"
"611","perisur - 4104","perisur - 4104","perisur - 4104","
tel. 56.06.62.46
fax 56.66.53.23
","8"
"612","polanco - 4105","polanco - 4105","polanco - 4105","
tel. 52.54.76.81
fax 50.20.30.54
","8"
"613","coyoacan - 4106","coyoacan - 4106","coyoacan - 4106","tel. 56.05.41.10
fax 50.20.00.37
","8"
"614","lindavista - 4107","lindavista - 4107","lindavista - 4107","tel. 57.26.31.39
fax 91.72.02.13","8"
"615","pabellon polanco - 4108","pabellon polanco - 4108","pabellon polanco - 4108","tel. 55.57.18.39
fax 50.20.30.52
","8"
"616","zona rosa - 4109","zona rosa - 4109","zona rosa - 4109","tel. 55.25.31.14
fax 50.20.20.93
","8"
"617","galerías coapa - 4111","galerías coapa - 4111","galerías coapa - 4111","tel. 56.27.80.50
fax 56.27.82.07
","8"
"618","santa fe - 4117","santa fe - 4117","santa fe - 4117","tel. 52.59.02.01
fax 52.59.02.73
","8"
"619","eureka - 4116","eureka - 4116","eureka - 4116","tel. 52.77.90.96
fax 50.20.00.75
","8"
"621","bolivar - 4118","bolivar - 4118","bolivar - 4118","tel. 55.12.81.92 
fax 50.20.20.57
","8"
"622","pedregal - 4130","pedregal - 4130","pedregal - 4130","tel. 51.35.56.15
fax 51.35.56.17
","8"
"623","parque delta - 4131","parque delta - 4131","parque delta - 4131","tel. 54.40.50.92
fax 55.38.70.95
","8"
"624","plaza patriotismo  -4140","plaza patriotismo  -4140","plaza patriotismo  -4140","tel. 52.71.34.57
fax 52.71.37.49
","8"
"625","parque lindavista - 4213","parque lindavista - 4213","parque lindavista - 4213","tel. 51.19.99.89
fax 51.19.96.93
","8"
"626","miguel ángel de quevedo - 4220","miguel ángel de quevedo - 4220","miguel ángel de quevedo - 4220","tel. 56.58.06.07","8"
"627","parque tezontle - 4231","parque tezontle - 4231","parque tezontle - 4231","tel. 91.29.03.55","8"
"628","acoxpa - 4269","acoxpa - 4269","acoxpa - 4269","tel. 56.79.99.39","8"
"629","samara - 4407","samara - 4407","samara - 4407","tel. 52.928505","8"
"630","carso - 4299","carso - 4299","carso - 4299","tel. 49.76.01.44","8"
"631","buenavista - 4290 ","buenavista - 4290 ","buenavista - 4290 ","tel. 55.41.39.00","8"
"632","america coapa - 4269","america coapa - 4269","america coapa - 4269"," pb esq. av. prolongación división del norte","8"
"633","multiplaza aragón - ","multiplaza aragón - ","multiplaza aragón - ","tel. 57.75.71.86","8"
"634","satelite - 4103","satelite - 4103","satelite - 4103","tel. 53.93.23.55
fax 55.72.17.69
","8"
"739","f. f. valle de chalco - 181",,,,"2"
"752","queretaro antea - 173",,,,"2"
"636","perinorte - 4113","perinorte - 4113","perinorte - 4113","tel. 58.93.94.52
fax 58.93.94.51
","8"
"637","tecamachalco - 4129","tecamachalco - 4129","tecamachalco - 4129","tel. 52.93.20.75
fax 52.94.64.15
","8"
"638","ecatepec - 4172","ecatepec - 4172","ecatepec - 4172","tel.24.86.44.88","8"
"639","arboledas - 4214","arboledas - 4214","arboledas - 4214","tel. 53.84.09.88","8"
"640","atizapan - 4237","atizapan - 4237","atizapan - 4237","tel. 50.77.31.25","8"
"641","neza - 4272","neza - 4272","neza - 4272","tel. 15.58.43.85","8"
"643","interlomas - 4432","interlomas - 4432","interlomas - 4432","tel. 52.90.49.13","8"
"644","texcoco - 4283","texcoco - 4283","texcoco - 4283","tel. 01.595.954.4121","8"
"645"," león  - 4160"," león  - 4160"," león  - 4160","

tel. 01.47.73.56.77.60
fax 01.47.73.56.78
","8"
"646","león centro - 4190","león centro - 4190","león centro - 4190","tel. 01.477.713.77.60
fax 01.477.713.79.82
","8"
"647","irapuato - 4203","irapuato - 4203","irapuato - 4203","tel. 01.462.62.31.985
fax 01.462.62.31.987
","8"
"648","galerías león - 4285","galerías león - 4285","galerías león - 4285","tel. 01.477.763.4783","8"
"649","gran plaza león - 4516","gran plaza león - 4516","gran plaza león - 4516","tel. 01 (477) 7363215","8"
"650","galerías celaya - 4498","galerías celaya - 4498","galerías celaya - 4498","tel. 01.461.159.4711","8"
"651","león sur - ","león sur - ","león sur - ","tel. 01.477.3194.4316","8"
"652","plaza marbella  - 4155","plaza marbella  - 4155","plaza marbella  - 4155","
tel. 01.74.44.84.57.33
fax 01.74.84.37.18
","8"
"653","bahia - 4156","bahia - 4156","bahia - 4156","tel. 01.74.44.85.17.35
fax 01.74.85.00.97
","8"
"655","chilpancingo - 4383","chilpancingo - 4383","chilpancingo - 4383","tel. 01.747.494.9114","8"
"656","galerías pachuca -","galerías pachuca -","galerías pachuca -","tel. 01 771 715 9214","8"
"657","plaza mexico - 4151","plaza mexico - 4151","plaza mexico - 4151","tel. 01.33.38.13.19.37
fax 01.33.38.13.05.29
","8"
"658","plaza del sol  - 47152","plaza del sol  - 47152","plaza del sol  - 47152","tel. 01.33.36.47.50.81
fax 01.33.35.60.20.49
","8"
"659","gran plaza - 4158","gran plaza - 4158","gran plaza - 4158","tel. 01.33.31.22.15.25
fax 01.33.35.60.10.32
","8"
"660","plaza patría - 4159","plaza patría - 4159","plaza patría - 4159",,"8"
"661","galerias guadalajara - 4167","galerias guadalajara - 4167","galerias guadalajara - 4167","tel. 01.33.36.73.38.12
fax 01.33.36.73.38.18
","8"
"662","puerto vallarta - 4226","puerto vallarta - 4226","puerto vallarta - 4226","tel. 322.2090.433","8"
"663","ciudadela - 4291","ciudadela - 4291","ciudadela - 4291","tel. 01.333.632.6298","8"
"664","andares - 4292","andares - 4292","andares - 4292","tel. 01.333.611.1538","8"
"665","forum tlaquepaque - 4387","forum tlaquepaque - 4387","forum tlaquepaque - 4387","tel. 01.333.659.9342","8"
"667","américas morelia - 4518","américas morelia - 4518","américas morelia - 4518","tel.  01.443.340.1385","8"
"668","uruapan - 4278","uruapan - 4278","uruapan - 4278","
tel. 01.454.5280.278
","8"
"669","cuernavaca - 4161","cuernavaca - 4161","cuernavaca - 4161","tel. 01.77.73.18.91.75
fax 01.77.73.18.91.69
","8"
"670","galerías cuernavaca - 4183","galerías cuernavaca - 4183","galerías cuernavaca - 4183","tel. 01.77.73.15.39.34
fax 01.77.73.15.41.47
","8"
"671","cuernavaca plaza diamante - 4517","cuernavaca plaza diamante - 4517","cuernavaca plaza diamante - 4517","tel. 01.777.311.6716","8"
"672","tepic - 4381","tepic - 4381","tepic - 4381","tel. 01.311.1810.012","8"
"673","monterrey - 4450","monterrey - 4450","monterrey - 4450","tel.01.81.81.00.95.54
fax. 01.81.81.00.91.47
","8"
"674","monterrey galerías valle - 4194","monterrey galerías valle - 4194","monterrey galerías valle - 4194","

tel. 01.81.84.86.01.95
fax. 01.81.84.86.01.93
","8"
"675","galerías monterrey (insurgentes - 4169","galerías monterrey (insurgentes - 4169","galerías monterrey (insurgentes - 4169","tel. 01.81.83.46.84.03
fax 01.81.83.46.80.72

","8"
"676","monterrey cumbres - 4184","monterrey cumbres - 4184","monterrey cumbres - 4184","
tel. 01.81.10.95.06.41
fax 01.81.10.95.06.43
","8"
"677","citadel - 4289","citadel - 4289","citadel - 4289","tel. 81.82.409.529","8"
"678","plaza fiesta san agustín - 4284","plaza fiesta san agustín - 4284","plaza fiesta san agustín - 4284","tel. 01.81.83.684.807","8"
"679","paseo tec - ","paseo tec - ","paseo tec - ","tel. 01.81.8359.0465","8"
"680","plaza galerías monterrey uno -","plaza galerías monterrey uno -","plaza galerías monterrey uno -","tel. 01.81.833.30637","8"
"681","oaxaca - 4251","oaxaca - 4251","oaxaca - 4251","tel. 951.50.10.921","8"
"682","multiplaza tuxtepec oaxaca - 4282","multiplaza tuxtepec oaxaca - 4282","multiplaza tuxtepec oaxaca - 4282","tel. 01.287.106.3546","8"
"683","san felipe oaxaca","san felipe oaxaca","san felipe oaxaca","tel. 01.951.133.6011","8"
"684","plaza dorada  - 4286","plaza dorada  - 4286","plaza dorada  - 4286","tel. 01.22.22.40.52.52
fax 01.22.40.39.80
","8"
"686","angelópolis - 4168","angelópolis - 4168","angelópolis - 4168","tel. 01.22.22.25.30.13
fax 01.22.22.25.30.40
","8"
"687","tehuacán puebla - 4222","tehuacán puebla - 4222","tehuacán puebla - 4222"," loc. s3","8"
"688","galerías querétaro  - 4195","galerías querétaro  - 4195","galerías querétaro  - 4195","tel. 01.442.242.2251
fax 01.442.242.2458
","8"
"689","jurica - 4271","jurica - 4271","jurica - 4271","tel. 01.442.218.58.63","8"
"690","galerías san juan del río -","galerías san juan del río -","galerías san juan del río -",,"8"
"691","cancun americas  - 4163","cancun americas  - 4163","cancun americas  - 4163","tel. 01.998.887.67.56
fax 01.98.87.67.52
","8"
"692","playa del carmen -","playa del carmen -","playa del carmen -","
tel. 01.984.803.4083
","8"
"693","gran plaza cancun - 4181","gran plaza cancun - 4181","gran plaza cancun - 4181","tel. 01.998.848.30.56","8"
"694","kukulcán - 4293","kukulcán - 4293","kukulcán - 4293","tel. 01.998.840.6877","8"
"695","royal cozumel ","royal cozumel ","royal cozumel ","tel. 01.987.857.0181","8"
"696","el dorado - 4286","el dorado - 4286","el dorado - 4286","tel. 01.4448.084.931","8"
"697","san luis potosí - 4447","san luis potosí - 4447","san luis potosí - 4447","tel. 01.4448.353.190","8"
"698","gran plaza mazátlan - 4288","gran plaza mazátlan - 4288","gran plaza mazátlan - 4288","tel. 01.669.983.16.72","8"
"740","f.f lago de guadalupe - 183",,,,"2"
"753","f.  los mochis - 160",,,,"2"
"1","aguascalientes plaza altaira - 231","aguascalientes plaza altaira - 231","aguascalientes plaza altaira - 231","conm(449) 910 70 22 fax (449)1 53 40 58  ","1"
"16","colima - 217","colima - 217","colima - 217","gre 01 312 31 357 10 conm 312 31 366 06  316 00 31 fax 312 31 358 38","1"
"36","ecatepec las americas - 115","ecatepec las americas - 115","ecatepec las americas - 115","gre 24 86 40 78 conm 58 36 99 06    fax 58 36 99 06  24 86 40 79.","1"
"56","galerías monterrey  - 117","galerías monterrey  - 117","galerías monterrey  - 117","gre 81 81 23 43 47 conm 81 80 48 09 00 fax 81 23 43 44","1"
"64","plaza las americas - 242","plaza las americas - 242","plaza las americas - 242","(984) 877-2560","1"
"68","san luis potosi centro - 301","san luis potosi centro - 301","san luis potosi centro - 301","conm 01 444 812 12 65   444 812 39 76  144 28 00 fax 444 814 35 28  817","1"
"105","insurgentes - 2","insurgentes - 2","insurgentes - 2","54 80 13 00 y 13 64/ fax 54 80 13 82","2"
"119","cd jardin - 170","cd jardin - 170","cd jardin - 170","24 81 37 00  fax 24 81 37 70 
","2"
"129","pachuca - 48","pachuca - 48","pachuca - 48","01 771 717 88 00/fax 01 771 717 88 70","2"
"134","puerto vallarta - 62","puerto vallarta - 62","puerto vallarta - 62","01 32 22 26 24 00/fax 01 322 22 624 70","2"
"154","san juan del rio - 311","san juan del rio - 311","san juan del rio - 311","
tel: 01 427 268 3000  fax: 427 268 3071
","2"
"173","veracruz el dorado - 165","veracruz el dorado - 165","veracruz el dorado - 165","01 (229) 923 43 00  fax: (229) 923 43 92","2"
"185","aguascalientes - 8118","aguascalientes - 8118","aguascalientes - 8118","(01 449) conm. 910 70 00  gcia. 914 02 51  fax 912 46 11 ext 131  136  120","4"
"192","los cabos - 4952","los cabos - 4952","los cabos - 4952","01 624  144 71 24 y/o 144 71 32","4"
"193","campeche - 4832","campeche - 4832","campeche - 4832","(01 981) conm 811 69 25 ger 81-16925  fax ext 811-7341/811-6925","4"
"206","saltillo - 4746 ","saltillo - 4746 ","saltillo - 4746 ","(01 844) conm. 439 1869 gcia. 415 66 20 dir 439 18 49 fax ext 111 y 136 ","4"
"224","villa jardín - 4948","villa jardín - 4948","villa jardín - 4948","(01 871) conm 723 60 95 ger 723 69 21 / 723 70 30 fax 723 56 92","4"
"243","jesus del monte   huixquilucan  - 6233","jesus del monte   huixquilucan  - 6233","jesus del monte   huixquilucan  - 6233","01 (55) 5247-2808","4"
"253","farallon - 8127","farallon - 8127","farallon - 8127","(01 744) conm  744 488 32 02 y/o 487 60 90 ger 487 60 90 fax ext 136  124","4"
"264","la estancia - 6395","la estancia - 6395","la estancia - 6395","(01 33) conm. 36 29 81 17  36 29 82 45  36 29 81 39  gcia. 36 29 83 96  dir 36 29 83 11  fax ext 111 y 113","4"
"291","puebla (capu) - 6263","puebla (capu) - 6263","puebla (capu) - 6263","(01 222) conm. 220 65 65  gcia. 220 65 90  fax ext 141 y 142","4"
"311","cd. obregon - 4792","cd. obregon - 4792","cd. obregon - 4792","(01 644) 414-92-80 y/o 414-71-79","4"
"312","hermosillo - 8121","hermosillo - 8121","hermosillo - 8121","(01 662) conm. 2 59 03 04  gcia 217 51 55  dir 217 48 59  fax 217 48 59","4"
"330","coatzacoalcos - 6274 ","coatzacoalcos - 6274 ","coatzacoalcos - 6274 ","(01 921) conm. 218 34 44 y/o 59 gcia ext 125  fax ext. 114 y 110","4"
"357","acapulco - 706","acapulco - 706","acapulco - 706","01 744 434 03 00","5"
"364","monterrey carretera nacional ","monterrey carretera nacional ","monterrey carretera nacional ","01(81) 1224-01-14 ","5"
"377","macro plaza insurgentes  - 2023","macro plaza insurgentes  - 2023","macro plaza insurgentes  - 2023","01664 625   0067 / 0069 / 0130/ 0146/ 0160 / 0165 / 0172 / 0174 / 0178 / 0230","3"
"379","tijuana hipodromo - 4011","tijuana hipodromo - 4011","tijuana hipodromo - 4011","01 664 6816150 / 6815682 / 6815400 / 6814718 / 6814668 / 6814493","3"
"396","av. zaragoza - 2049","av. zaragoza - 2049","av. zaragoza - 2049","01 656 2588295 / 258 8296/ 258 8297/ 258 8298/ 258 8299/ 258 8300/ 258 8301/ 258 8302/ 258 8303/ 258 8304","3"
"425","plaza oriente   - 2033","plaza oriente   - 2033","plaza oriente   - 2033","(0155) 5600-63-21/6501/  ","3"
"438","san marcos izcalli   - 1044","san marcos izcalli   - 1044","san marcos izcalli   - 1044","24-72-00-74 al 82 y 24-72-00-85  ","3"
"700","villahermosa - 4165","villahermosa - 4165","villahermosa - 4165","tel. 01.993.316.82.00
fax. 01.993.316.81.98
","8"
"701","galerías tabasco villahermosa ","galerías tabasco villahermosa ","galerías tabasco villahermosa ","tel. 01.993.316.1233","8"
"702","altabrisa tabasco - 4224","altabrisa tabasco - 4224","altabrisa tabasco - 4224","tel.  01.993.253.5095","8"
"703","toluca  - 4164","toluca  - 4164","toluca  - 4164","
tel. 01.72.22.32.14.31
fax 01.72.22.32.57.32
","8"
"704","jalapa  - 4166","jalapa  - 4166","jalapa  - 4166","tel. 01.22.88.13.63.88
fax. 01.22.88.13.63.87
","8"
"705","veracruz  - 4180","veracruz  - 4180","veracruz  - 4180","tel. 01.22.99.27.32.16
fax. 01.22.99.27.32.19
","8"
"707","coatzacoalcos - 4149","coatzacoalcos - 4149","coatzacoalcos - 4149","tel. 01.921.210.94.25","8"
"708","plaza valle orizaba - 4287","plaza valle orizaba - 4287","plaza valle orizaba - 4287","tel. 01.272.721.9413","8"
"709","urban center xalapa - 4469","urban center xalapa - 4469","urban center xalapa - 4469","tel. 01.228.842.7228","8"
"710","el dorado boca del río ","el dorado boca del río ","el dorado boca del río ","tel. 01.229.927.3552","8"
"711","mérida  - 4363","mérida  - 4363","mérida  - 4363","tel. 01.99.99.48.30.63
fax. 01.99.99.48.30.65
","8"
"712","altabrisa  mérida - 4224","altabrisa  mérida - 4224","altabrisa  mérida - 4224","tel. 01.999.16.79.528","8"
"713","galerías zacatecas - 4500","galerías zacatecas - 4500","galerías zacatecas - 4500","tel. 01.492.156.5588","8"
"714","liverpool","liverpool","liverpool","liverpool","2"
"715","sears","sears","sears","sears","1"
"716","sams","sams","sams","sams","4"
"717","costco","costco","costco","costco","5"
"718","marti","marti","marti","marti","8"
"719","wal mart","wal mart","wal mart","wal mart","9"
"720","city club","city club","city club","city club","7"
"721","otro","otro","otro","otro","10"
"722","weslo","weslo","weslo","weslo","11"
"723","liverpool ventas por telefono","liverpool ventas por telefono","liverpool ventas por telefono","liverpool ventas por telefono","12"
"724","liverpool ventas por internet","liverpool ventas por internet","liverpool ventas por internet","liverpool ventas por internet","13"
"725","marti virtual","marti virtual","marti virtual","marti virtual","14"
"726","chapur","chapur","chapur","CHAPUR","6"
"727","fabricas de francia","fabricas de francia","fabricas de francia","FABRICAS DE FRANCIA","15"
"441","san jose temacac edo mex - 1171","san jose temacac edo mex - 1171","san jose temacac edo mex - 1171","(0155) 5936 0265  ","3"
"452","macro plaza heros de tecamac - 3016","macro plaza heros de tecamac - 3016","macro plaza heros de tecamac - 3016","1738 6520 / 4518 / 4532 / 4563 / 4804","3"
"471","chilpancingo - 1684","chilpancingo - 1684","chilpancingo - 1684","01 747 4949893 /  4949221 / 4949237 / 4949238 / 4949264 / 4949265","3"
"491","plaza ana - 2734","plaza ana - 2734","plaza ana - 2734","01 351 515-1302 / 515-1303 / 515-1337 / 515-1342 / 515-1347 / 515-1388","3"
"504","la fe  - 2676","la fe  - 2676","la fe  - 2676","(01 81) 81-40-02-49 y 54  ","3"
"508","chapultepec - 4137","chapultepec - 4137","chapultepec - 4137","01 81 84864517/4518/4519/4520/4521/4522","3"
"526","mantehuala arboledas - 2080","mantehuala arboledas - 2080","mantehuala arboledas - 2080","(01 488) 882 5377  ","3"
"543","aeropuerto tampico - 1902","aeropuerto tampico - 1902","aeropuerto tampico - 1902","01 833 2277427 / 2277327/ 1259425 / 1259546 / 1259664","3"
"562","merida norte - 1016","merida norte - 1016","merida norte - 1016","01 999941 5863/ 5864/ 5865/ 5866/ 5867/ 5868/ 5869/ 5869/ 5870","3"
"572","la paz - 1012","la paz - 1012","la paz - 1012","(01.612) 165-49-90
(01.612) 165-49-91
(01.612) 165-49-92","7"
"579","torreon - 1001","torreon - 1001","torreon - 1001","(01.871) 721.53.87
(01.871) 721.51.51
(01.871) 721.65.40
(01.871) 721.66.60                                            01 871 721 77 71  ","7"
"620","insurgentes - 4124","insurgentes - 4124","insurgentes - 4124","tel. 52.64.50.85
fax 50.20.20.49
","8"
"635","lomas anahuac - 4110","lomas anahuac - 4110","lomas anahuac - 4110","tel. 52.91.99.38
fax 52.91.99.31
","8"
"642","mundo e  - 4122","mundo e  - 4122","mundo e  - 4122","tel. 53.66.94.82
fax 53.66.94.81
","8"
"654","acapulco diamante - 4221","acapulco diamante - 4221","acapulco diamante - 4221","tel. 01.744.433.29.99","8"
"666","paseo alto lozano morelia - 4274","paseo alto lozano morelia - 4274","paseo alto lozano morelia - 4274","tel. 01.443.204.06.23","8"
"685","plaza san pedro - 4154","plaza san pedro - 4154","plaza san pedro - 4154","tel. 01.22.22.48.96.46
fax 01.22.22..48.74.12
","8"
"699","punto los mochis - 4441","punto los mochis - 4441","punto los mochis - 4441","tel. 01.668.812.0871","8"
"706","jalapa las américas - 4197","jalapa las américas - 4197","jalapa las américas - 4197","tel.01.22.88.13.99.47
fax 01.22.88.13.99.49
","8"
"741","f. f . la cuspide - 184",,,,"2"
"754","f culiacan sendero -163",,,,"2"
"762","irapuato cibeles - 253",,,,"1"
"768","zacatecas galerias - 250",,,,"1"
"771","city shop del valle - 4539",,,,"8"
"773","gran terrza oblatos - 4294",,,,"8"
"774","nuevo veracruz - 4492",,,,"8"
"795","F. F. COMITAN - 472",,,,"15"
"775","f.tijuana - 161","Baja California",,,"2"
"776","tuxtla oriente - 172","Chiapas",,,"2"
"777","ff plaza central - 182","cdmx",,,"2"
"778","xochimilco - 190","cdmx",,,"2"
"796","parque las antenas - 456",,,,"15"
"797","f.f. nicolas romero - 396",,,,"15"
"780","ff ixtapaluca sendero -139","cdmx",,,"2"
"781","ff valle de chalco - 181","Estado de Mexico",,,"2"
"798","ff uriangato - 141",,,,"15"
"782","ff lago de guadalupe - 183","Estado de Mexico",,,"2"
"799","tonala - 459",,,,"15"
"784","ff chimalhuacan - 186","Estado de Mexico",,,"2"
"783","ff la cuspide - 184","Estado de Mexico",,,"2"
"785","f tecamac","Estado de Mexico",,,"2"
"786","zumpango - 196","Estado de Mexico",,,"2"
"787","texcoco - 197","Estado de Mexico",,,"2"
"788","ff cuatla - 192",,,,"2"
"789","f los mochis - 160",,,,"2"
"790","f culiacan sendero - 163",,,,"2"
"791","toluca- 140",,,,"2"
"800","f. f. oaxaca plaza  bella - 463",,,,"15"
"801","tuxtepec - 388",,,,"15"
"794","gran terraza oblatos- 4563",,,,"8"
"802","parque puebla - 386",,,,"15"
"793","irapuato cibeles- 253",,,,"1"
"803","tlaxcala - 177",,,,"15"
"804","apizaco - 397",,,,"15"
"805","paseo queretaro - 455",,,,"2"
"806","victoria querétaro - 132",,,,"1"
"807","cuernavaca averanda - 248",,,,"1"
"808","san angel - 128",,,,"1"
"809","las antenas - 258",,,,"1"
"810","atizapan - 246",,,,"1"
"811","chimalhuacan - 256",,,,"1"
"812","toreo/ cuatro caminos - 130",,,,"1"
"813","parque puebla - 257",,,,"1"
"814","tampico altama - 254",,,,"1"
